team1,score1,score2,team2,players,date
Auscorp,106,115,OntarioDynasty,10,2022/08/13
Blood Brigade,89,152,Bloodtide,15,2022/08/13
StarControl,86,60,Star Fall,5,2022/08/13
Dumpster Fire,52,14,INFINITY STAR,15,2022/08/13
DTC,129,4,Path of Hades,15,2022/08/12
the heavy,77,10,Ahamkara,5,2022/08/12
Team Elite,95,7,Serenity,10,2022/08/12
Embers Rising,112,67,Duchy Arrakis,15,2022/08/11
Lexx,13,4,Avabel Online 2,10,2022/08/09
Metal Nova,69,7,(_(_Vossk_)_),10,2022/08/09
Lexx,30,8,NOVA,5,2022/08/08
Anla'Shok,108,6,Trade Station,15,2022/08/08
Red Dawn,36,5,UNSC,5,2022/08/08
Spacefleet,168,46,Internationals,15,2022/08/07
DTC,240,16,VoidCorp,15,2022/08/07
Imperium XIII,113,32,Enigma,5,2022/08/07
StarControl,62,43,OntarioDynasty,5,2022/08/07
Kharon Shipping,14,120,Stalkers' Zone,5,2022/08/06
Nearland Ind,325,0,星舰地球,15,2022/08/06
Blood Brigade,123,1,TPYNRNR,15,2022/08/06
Team Elite,108,38,Polish Pirates,10,2022/08/05
Embers Rising,96,49,Vendetta Squad,10,2022/08/04
Metal Nova,28,26,Lacuna Holdings,5,2022/08/03
UKR Spase,48,5,First Squad,5,2022/08/03
Anla'Shok,38,177,Continuum,15,2022/08/03
Lexx,28,52,Proteus Tech,15,2022/08/02
Dumpster Fire,23,7,THE FOUNDATION,15,2022/08/02
Blood Brigade,127,1,Dauntless,15,2022/07/31
Legion,272,107,StarControl,10,2022/07/31
Hinterm Mond,114,35,OntarioDynasty,5,2022/07/31
Karanth,50,105,Auscorp,5,2022/07/30
DTC,52,19,Red Coat Mafia,5,2022/07/30
DTC,43,202,Grunthal Gang,15,2022/07/30
Team Elite,117,40,Starsailors,5,2022/07/30
$TAR$,188,31,Special Force,15,2022/07/30
UKR Spase,44,85,Wintercomes,10,2022/07/30
Red Dawn,25,9,Corp. Estelar 2,5,2022/07/30
Kharon Shipping,53,20,The X-Files,5,2022/07/30
Spacefleet,96,20,First Squad,10,2022/07/29
Dumpster Fire,64,2,深空补给港,15,2022/07/28
Embers Rising,49,57,無盡 宿命,10,2022/07/28
Anla'Shok,363,0,Madison Holding,15,2022/07/28
Lexx,21,31,Obsidian,15,2022/07/27
Wintercomes,157,7,Cnythnk,10,2022/07/25
Team Elite,52,3,Trade Station,10,2022/07/25
Hinterm Mond,146,12,Shadow Lords,5,2022/07/25
Red Dawn,32,9,Hawa Bcenehhar,10,2022/07/25
Auscorp,194,34,Starsailors,5,2022/07/24
Dropbears Inc,13,32,Sol,5,2022/07/24
Space Donuts,68,17,Rocket-Babies,10,2022/07/24
StarControl,153,51,The Time Lords,10,2022/07/24
Anla'Shok,160,0,ITA,15,2022/07/24
Blood Brigade,126,26,Tormenta,15,2022/07/24
OntarioDynasty,51,108,DadCorp,10,2022/07/23
DTC,46,8,Gallaecia,5,2022/07/23
Nearland Ind,232,39,Любители Пива,15,2022/07/23
Legion,103,19,Russian Team,15,2022/07/23
Kharon Shipping,52,0,Star Dust,5,2022/07/23
DTC,196,101,Black Sun,15,2022/07/22
the heavy,75,38,Polaris,5,2022/07/22
Nearland Ind,215,46,The Seperatists,15,2022/07/22
Dumpster Fire,27,159,地球朕合,15,2022/07/22
Lexx,79,8,꿀벌 왕국,10,2022/07/21
Lexx,6,7,听风秋月,10,2022/07/21
Spacefleet,39,5,Spectre,5,2022/07/20
Dropbears Inc,40,20,Kpanhnn Kocmoc,10,2022/07/20
Team Elite,102,17,Weyland Corp,10,2022/07/18
Imperium XIII,79,19,Гaлaктикa Элa,5,2022/07/17
Anla'Shok,122,40,Internationals,15,2022/07/17
Metal Nova,71,13,Industrial W.O,10,2022/07/17
Hinterm Mond,160,1,The Time Lords,5,2022/07/17
Dumpster Fire,95,0,kdy,15,2022/07/17
Embers Rising,27,108,혁명군,10,2022/07/17
StarControl,150,110,DadCorp,10,2022/07/17
Kharon Shipping,329,60,Trade Station,15,2022/07/17
Nearland Ind,207,20,Starsailors,15,2022/07/17
YAL,158,58,LossFarm No. 648,15,2022/07/16
OntarioDynasty,57,40,Hydra,5,2022/07/16
Dropbears Inc,25,13,Three Rivers,5,2022/07/16
Space Donuts,53,89,KARI,10,2022/07/16
DTC,209,40,LOST PIRATES,15,2022/07/16
$TAR$,134,78,Любители Пива,10,2022/07/16
Blood Brigade,74,73,Bloodtide,15,2022/07/16
Ark Summit,162,15,Covenant,15,2022/07/16
Ark Summit,284,2,Daemon Runners,15,2022/07/14
Lexx,14,0,AHДPOMEДA,15,2022/07/14
Lexx,15,8,銀河戦狼,5,2022/07/14
Anla'Shok,191,12,Continuum,15,2022/07/13
Team Elite,157,42,Dark Skai,10,2022/07/13
Spacefleet,13,37,Red Coat Mafia,5,2022/07/12
Wintercomes,122,2,GermanSpaceUno.,10,2022/07/11
the heavy,107,13,Void Dominion,5,2022/07/11
Dropbears Inc,76,79,Terranova,10,2022/07/10
Red Dawn,45,5,The Gathering,5,2022/07/10
the heavy,17,136,111,5,2022/07/10
Metal Nova,73,6,FAIR,10,2022/07/10
Hinterm Mond,130,41,Final,10,2022/07/10
Nearland Ind,212,26,TPYNRNR,15,2022/07/09
Blood Brigade,202,6,Death Flight,15,2022/07/09
OntarioDynasty,41,32,Topговая Федерация,5,2022/07/09
Space Donuts,10,45,Star Dust,5,2022/07/09
$TAR$,22,215,Aobpothbie Nioan,10,2022/07/09
Lexx,23,1,水星联合织,15,2022/07/08
DTC,173,34,Covenant,15,2022/07/08
Team Elite,159,11,Lacuna Ind.,10,2022/07/07
Anla'Shok,116,118,Stargate Corp,15,2022/07/07
Dumpster Fire,7,42,Path of Hades,15,2022/07/06
Dark Skai,169,29,The Picard,10,2022/07/06
Spacefleet,111,21,Españoles,15,2022/07/04
Red Dawn,26,2,CCCP 2.0,5,2022/07/04
StarControl,228,45,The Star League,10,2022/07/04
Rabid Butterfly,56,158,Hinterm Mond,5,2022/07/03
Lexx,36,12,SveaEmpire,10,2022/07/03
UKR Spase,64,100,OntarioDistrict,10,2022/07/03
Polaris,34,52,Imperium XIII,5,2022/07/03
Blood Brigade,150,1,WFOS,15,2022/07/03
DTC,209,151,Providence,15,2022/07/03
Auscorp,152,51,Hydra,10,2022/07/02
Anla'Shok,198,23,MAQUIS,15,2022/07/02
Nearland Ind,205,45,Lights Off,15,2022/07/02
Space Donuts,70,36,Polish Pirates,10,2022/07/02
$TAR$,128,35,The X-Files,10,2022/07/02
Team Elite,71,99,Tacitus,10,2022/07/01
Grunthal Gang,404,1,First Squad,15,2022/07/01
Dumpster Fire,33,5,(_(_Vossk_)_),15,2022/07/01
Metal Nova,58,41,Federation,10,2022/06/30
Anla'Shok,91,37,Spacefleet,15,2022/06/27
Blood Brigade,16,44,Aggronauten,10,2022/06/27
DTC,202,26,Death Flight,15,2022/06/26
Lexx,26,8,Killer Shadow,5,2022/06/26
Lexx,13,2,RATAS,10,2022/06/26
Dumpster Fire,28,5,PACCBET,15,2022/06/26
Imperium XIII,68,3,The Asylum,5,2022/06/26
Team Elite,26,0,Elite,5,2022/06/25
$TAR$,65,42,Dropbears Inc,10,2022/06/25
Red Dawn,74,0,Sprite,10,2022/06/22
Ark Summit,237,25,Pandora's Star,15,2022/06/22
Embers Rising,160,22,LOST PIRATES,15,2022/06/22
Anla'Shok,41,134,Yishun CC,15,2022/06/22
Spacefleet,131,1,Lacuna Ind.,15,2022/06/21
OntarioDynasty,55,3,JTPS,5,2022/06/20
Lexx,20,39,Corporation,10,2022/06/20
Dumpster Fire,24,22,BRASIL STAR,15,2022/06/20
Team Elite,69,60,KARI,10,2022/06/20
DTC,53,1,United Stars,5,2022/06/19
DTC,58,146,第一序列,15,2022/06/19
Imperium XIII,127,0,Nooooobs,5,2022/06/19
Terranova,192,37,Black Sun,10,2022/06/19
Unimatrix Zero,181,130,Watchers,15,2022/06/18
StarControl,197,48,POCCNR,10,2022/06/18
Star Fall,102,33,DUNE,5,2022/06/18
Blood Brigade,150,79,Galactic Empire,15,2022/06/18
$TAR$,32,138,Stellaris,10,2022/06/18
Grunthal Gang,201,85,the heavy,10,2022/06/17
Bastion,36,6,Starsailors,5,2022/06/17
Anla'Shok,104,8,VoidCorp,15,2022/06/17
Bounty Hunters,6,44,Covenant,15,2022/06/16
Embers Rising,114,3,Crazy Monkeys,15,2022/06/16
Dumpster Fire,2,54,ANBEPCAHTbl,15,2022/06/15
Dumpster Fire,6,40,UnionofSpace,10,2022/06/15
Red Dawn,29,4,Stella Glow,5,2022/06/14
Lexx,45,3,Sprite,10,2022/06/14
Team Elite,119,22,Ahamkara,10,2022/06/14
DadCorp,172,102,BlackStar Order,15,2022/06/13
Deadspace,88,6,GermanSpaceUno.,5,2022/06/12
DTC,230,15,혁명군,15,2022/06/12
Ykp ihtpobeptn,9,24,Star Fall,5,2022/06/12
Weyland Corp,170,2,Aepxaba Pycb,10,2022/06/12
Imperium XIII,28,50,The Time Lords,5,2022/06/12
Nearland Ind,196,127,IX Nernoh,15,2022/06/12
Blood Brigade,11,103,Tartaros Armada,10,2022/06/12
$TAR$,57,50,Les Chevaliers,10,2022/06/11
Anla'Shok,64,18,Serenity,15,2022/06/11
StarControl,131,95,Karanth,10,2022/06/11
Grunthal Gang,38,15,pycb,10,2022/06/10
Embers Rising,110,15,LOST PIRATES,15,2022/06/09
Ark Summit,276,53,MAPCIOKN,15,2022/06/09
Dumpster Fire,3,31,★后?明?星?,15,2022/06/09
Bounty Hunters,12,105,Axiom,10,2022/06/09
Lexx,24,2,Turk Yildizlari,10,2022/06/09
Deadspace,29,8,Knights Ronin,5,2022/06/07
Team Elite,44,36,GermanIndustrie,5,2022/06/07
Star Fall,74,47,DadCorp,5,2022/06/07
Red Dawn,68,31,Les Tilotest,5,2022/06/07
Lexx,43,51,alienigenas,10,2022/06/07
Anla'Shok,166,20,Internationals,15,2022/06/06
OntarioDynasty,24,43,Black Solaris,5,2022/06/05
Nearland Ind,38,78,Aobpothbie Nioan,15,2022/06/05
Blood Brigade,190,0,WFOS,15,2022/06/05
$TAR$,22,91,星呢月球,15,2022/06/04
Embers Rising,129,3,TITANS,10,2022/06/04
Orion,21,15,Sol,5,2022/06/04
pirates spatial,200,36,C'est pas faux!,10,2022/06/04
StarControl,154,42,Elite,10,2022/06/04
Grunthal Gang,114,51,Polish Pirates,10,2022/06/04
DTC,88,146,pycb,15,2022/06/03
Kharon Shipping,117,26,RUS,10,2022/06/03
Space Donuts,189,19,The X-Files,10,2022/06/03
the heavy,156,132,Auscorp,15,2022/06/03
Black Mirror Co,24,16,Glashan,10,2022/06/03
HORNET,149,81,Society of Sin,15,2022/06/03
Void Consortium,154,75,Ender,15,2022/06/03
Weyland Corp,80,14,Hamburg AG 2,10,2022/06/03
Team Elite,66,34,Minutemen,5,2022/06/02
Anla'Shok,86,65,Stargate Corp,15,2022/06/01
Bounty Hunters,199,17,世外桃源,15,2022/06/01
Dark Skai,186,11,혁명군,15,2022/06/01
Embers Rising,33,90,A Team,10,2022/06/01
Team Elite,64,26,Gulinga,5,2022/06/01
Deadspace,4,18,CTG,5,2022/06/01
Sith Empire,203,36,Españoles,15,2022/05/31
Red Dawn,90,4,Space Pirate,5,2022/05/31
Embers Rising,137,17,Rogue Corp,10,2022/05/30
GermanIndustrie,31,69,Hinterm Mond,5,2022/05/30
Lexx,78,0,CbrtbleHeroAhnkn,10,2022/05/29
pirates spatial,166,8,Starsailors,15,2022/05/29
Space Donuts,24,37,Elite,10,2022/05/29
Star Dust,34,31,Imperium XIII,5,2022/05/29
StarControl,118,33,Black Sun,10,2022/05/29
Blood Brigade,103,23,Rising star,15,2022/05/29
Auscorp,366,80,Trade Station,15,2022/05/28
Imperium XIII,118,75,the heavy,5,2022/05/28
Kharon Shipping,169,38,Terranova,10,2022/05/28
Nearland Ind,224,106,$TAR$,15,2022/05/28
OntarioDynasty,83,52,Tacitus,10,2022/05/28
Orion,89,24,Diplomats Union,5,2022/05/28
StarControl,227,33,The Time Lords,10,2022/05/28
Void Consortium,128,40,Prophecy,15,2022/05/28
Anla'Shok,233,20,Lacuna Ind.,15,2022/05/26
Black Mirror Co,8,52,ANBEPCAHTbl,10,2022/05/26
DTC,228,43,Battlestar FR,15,2022/05/26
Team Elite,58,43,KARI,10,2022/05/26
Red Dawn,74,0,E.T.A,5,2022/05/26
Bounty Hunters,194,74,Covenant,15,2022/05/25
Embers Rising,42,20,Newbs,10,2022/05/25
Stellar Exports,101,1,Madison Holding,15,2022/05/25
Ark Summit,84,29,First Squad,15,2022/05/24
Dumpster Fire,37,39,群星联合会,15,2022/05/24
Lexx,31,4,Sprite,10,2022/05/24
HORNET,207,259,Continuum,15,2022/05/24
Metal Nova,5,0,Lights Off,10,2022/05/23
Rocket-by Baby,114,64,Sith Empire,15,2022/05/23
Space Donuts,101,11,Rocket-Babies,10,2022/05/22
Blood Brigade,94,17,Space Marine,15,2022/05/22
DTC,129,44,Black Sun,15,2022/05/21
Hinterm Mond,93,47,Spacecrevards,10,2022/05/21
Nearland Ind,260,26,TPYNRNR,15,2022/05/21
Orion,114,27,FreeSpcAlliance,10,2022/05/21
pirates spatial,128,22,Cnythnk,15,2022/05/21
Team Elite,66,32,USSR,10,2022/05/21
Ykp ihtpobeptn,10,18,DTC,5,2022/05/21
Star Fall,148,28,Furyan Corps.,5,2022/05/21
$TAR$,77,63,USA,15,2022/05/20
Anla'Shok,96,18,Austria,15,2022/05/20
battlesquadron,63,58,LOST PIRATES,15,2022/05/20
Black Mirror Co,93,91,YAL,10,2022/05/20
Bounty Hunters,219,27,Star Jumpers,15,2022/05/20
Karanth,190,36,Furyan Corps.,5,2022/05/20
Legion,23,62,Star Fall,5,2022/05/20
RSI,43,0,Imperium XIII,5,2022/05/20
Embers Rising,163,58,Wispered Storm,15,2022/05/18
Spacefleet,111,11,Death Flight,10,2022/05/18
HORNET,65,21,海賊ギルド,10,2022/05/18
Dark Skai,114,0,Foreshadowing,10,2022/05/17
Dumpster Fire,78,2,世外桃源,15,2022/05/17
Lexx,8,7,Industrial W.O,10,2022/05/17
Anla'Shok,105,48,Trade Station,15,2022/05/16
Metal Nova,28,46,Star Destroyers,10,2022/05/16
Spacecrevards,142,11,The Asylum,5,2022/05/16
$TAR$,179,0,Special Force,15,2022/05/15
Auscorp,469,0,龙冂训练营,10,2022/05/15
Dark Skai,144,0,Star Jumpers,15,2022/05/15
Sith Empire,104,15,TPYNRNR,15,2022/05/15
Spacefleet,64,222,Continuum,15,2022/05/15
Team Elite,61,15,Octoberpierynm,10,2022/05/15
Blood Brigade,192,24,WFOS,15,2022/05/15
Black Solaris,53,162,Hinterm Mond,5,2022/05/14
DTC,185,2,Star Jumpers,15,2022/05/14
Kharon Shipping,300,33,Bastion,10,2022/05/14
Lexx,3,0,lucky cats,5,2022/05/14
Nearland Ind,105,81,Austria,15,2022/05/14
Parhapek,15,2,DTC,5,2022/05/14
pirates spatial,25,64,Rising star,15,2022/05/14
StarControl,118,77,Bastion,10,2022/05/14
StarControl,137,78,Final,10,2022/05/14
Void Consortium,266,125,Space Marine,15,2022/05/14
Black Mirror Co,12,114,Draconis,15,2022/05/13
Bounty Hunters,161,109,NERF TOY'S,15,2022/05/13
Lexx,6,49,ANBEPCAHTbl,10,2022/05/13
OntarioDynasty,115,73,Watchers,10,2022/05/13
Dumpster Fire,16,14,casual,15,2022/05/12
Embers Rising,45,39,Imperial Armada,15,2022/05/12
Ender,46,24,The Time Lords,10,2022/05/12
Anla'Shok,179,10,Wacky Wabbits,15,2022/05/11
Dark Skai,17,49,United Galaxies,15,2022/05/11
Team Elite,37,1,PocKocMoc,5,2022/05/10
Metal Nova,48,17,FAIR,10,2022/05/09
Sith Empire,49,113,Covenant,15,2022/05/09
Team Elite,50,16,Void Dominion,5,2022/05/09
Blood Brigade,161,49,Dragon Army,10,2022/05/09
Hinterm Mond,166,23,USSR,5,2022/05/08
HORNET,292,334,Greener Pastures,15,2022/05/08
$TAR$,143,57,Starsailors,15,2022/05/07
Kharon Shipping,202,94,Tacitus,10,2022/05/07
Nearland Ind,219,103,debutant fr,15,2022/05/07
Orion,35,109,Imperium XIII,5,2022/05/07
pirates spatial,12,56,星呢月球,15,2022/05/07
Space Donuts,93,35,The X-Files,10,2022/05/07
Red Dawn,32,6,Variants,5,2022/05/07
StarControl,227,35,BlackStar Order,15,2022/05/06
Dumpster Fire,28,50,kdy,15,2022/05/06
exirium,23,7,DTC,5,2022/05/06
DTC,156,3,ITA,15,2022/05/06
Lexx,3,0,casual,5,2022/05/06
Lexx,42,11,深空补给港,10,2022/05/06
Bastion,82,84,Tacitus,10,2022/05/06
Black Mirror Co,37,99,Anomaly,10,2022/05/06
the heavy,61,67,EMP,10,2022/05/06
Void Consortium,21,5,ROGUE ONE,10,2022/05/06
Black Mirror Co,37,99,Anomaly,10,2022/05/06
Red Dawn,29,0,Star Fall,5,2022/05/06
Anla'Shok,94,20,Grunthal Gang,15,2022/05/05
H3LL FLAY3RS,116,41,Polish Pirates,10,2022/05/05
Legion,58,50,Spacecrevards,5,2022/05/05
Red Dawn,32,6,Variants,5,2022/05/04
Team Elite,44,4,Gulinga,5,2022/05/04
Embers Rising,105,28,Void,15,2022/05/04
Bounty Hunters,150,2,Das Imperium,10,2022/05/04
Dark Skai,351,0,华夏星海,15,2022/05/04
Red Dawn,29,0,Star Fall,5,2022/05/03
Dumpster Fire,51,52,RESISTENCIA,15,2022/05/03
G.M.U.,124,18,Sith Empire,15,2022/05/03
Wintercomes,161,31,Death Flight,10,2022/05/02
Metal Nova,1,55,Enigma,10,2022/05/02
Blood Brigade,110,13,Tormenta,10,2022/05/02
Astra Ultima,23,93,The BR Project,10,2022/05/01
Imperium XIII,56,21,Void Dominion,5,2022/05/01
Orion,110,92,Space Marine,10,2022/05/01
pirates spatial,133,124,Sons of Liberty,15,2022/05/01
Lexx,34,2,Killer Shadow,10,2022/05/01
Anla'Shok,100,21,Hipernova,15,2022/05/01
Spacecrevards,109,55,Ender,10,2022/05/01
Auscorp,310,17,Farland Ind.,15,2022/05/01
Orion,110,92,Space Marine,10,2022/05/01
Space Donuts,32,10,Hydra,5,2022/05/01
DTC,187,1,Path of Hades,15,2022/04/30
Bastion,29,15,USSR,5,2022/04/30
Nearland Ind,225,97,IX Nernoh,15,2022/04/30
StarControl,175,63,Terranova,10,2022/04/30
Kharon Shipping,92,63,Karanth,5,2022/04/30
Star Fall,103,78,Hinterm Mond,5,2022/04/29
Galactic gods,5,10,Star Fall,5,2022/04/29
Red Dawn,41,3,Tycho Corp,5,2022/04/29
Team Elite,65,14,Polaris,5,2022/04/28
Red Dawn,41,3,Tycho Corp,5,2022/04/27
Spacefleet,17,177,Dark Skai,15,2022/04/27
Lexx,0,5,401(K),5,2022/04/27
Embers Rising,50,16,PACCBET,15,2022/04/27
Anla'Shok,187,20,First Squad,15,2022/04/26
Ark Summit,165,22,WFOS,15,2022/04/26
Lexx,56,0,世外桃源,10,2022/04/26
Metal Nova,42,0,UNSC,10,2022/04/26
Wintercomes,20,5,casual,10,2022/04/25
Hinterm Mond,76,73,OntarioDynasty,5,2022/04/25
Orion,146,28,Bounty Hunters,10,2022/04/24
Bastion,365,17,West Worlders,10,2022/04/24
Spacecrevards,69,31,DadCorp,5,2022/04/24
Diplomats Union,171,126,Sith Empire,10,2022/04/24
pirates spatial,93,28,Solysis,5,2022/04/24
Red Dawn,66,7,Jaggernaut,5,2022/04/24
Imperium XIII,137,50,Polish Pirates,10,2022/04/23
Black Mirror Co,91,26,Sons of Liberty,10,2022/04/23
DTC,410,0,Madison Holding,15,2022/04/23
Team Elite,57,13,Nюбители пива,5,2022/04/23
$TAR$,159,38,USA,15,2022/04/23
AlfaOmega,49,48,pirates spatial,5,2022/04/23
Kharon Shipping,226,67,Ender,10,2022/04/23
Auscorp,58,52,StarControl,5,2022/04/23
Nearland Ind,123,73,Providence,15,2022/04/23
StarControl,432,0,Legion,10,2022/04/23
Weyland Corp,66,29,Galactic Otters,10,2022/04/22
Void Consortium,308,78,Society of Sin,15,2022/04/22
Grunthal Gang,94,106,RUS,15,2022/04/22
Red Dawn,66,7,Jaggernaut,5,2022/04/21
Anla'Shok,168,13,Highland Ind.,15,2022/04/21
Lexx,46,7,Seila,10,2022/04/21
Metal Nova,76,7,Corporation,10,2022/04/21
Ark Summit,49,20,Rogue Corp,10,2022/04/20
Spacefleet,104,4,우주미아,15,2022/04/19
battlesquadron,34,13,Knights Ronin,5,2022/04/19
Embers Rising,72,6,Das Imperium,15,2022/04/19
OntarioDynasty,75,193,DadCorp,10,2022/04/18
Furyan Corps.,48,136,Hinterm Mond,5,2022/04/18
Astra Ultima,12,39,Guardia Oscura,15,2022/04/17
Sith Empire,221,35,KARI,15,2022/04/17
Orion,121,30,FreeSpcAlliance,5,2022/04/17
Nearland Ind,255,228,Austria,15,2022/04/17
pirates spatial,27,117,Likapa,10,2022/04/17
pirates spatial,22,192,Widow Makers,10,2022/04/17
Imperium XIII,66,20,Star Fox,5,2022/04/16
DTC,98,88,MAQUIS,15,2022/04/16
Anla'Shok,180,52,Dreckiger Rest,15,2022/04/16
Team Elite,92,140,Greener Pastures,10,2022/04/16
StarControl,66,21,Gummibarenbande,5,2022/04/16
Lexx,90,17,CbrtbleHeroAhnkn,10,2022/04/16
$TAR$,161,66,Cnythnk,15,2022/04/16
Spacecrevards,118,12,Terranova,15,2022/04/16
Black Mirror Co,103,99,Solysis,15,2022/04/15
Grunthal Gang,236,77,Elite Penguins,15,2022/04/15
Weyland Corp,56,54,Ender,10,2022/04/15
Star Fall,51,11,海賊ギルド,5,2022/04/15
Red Dawn,64,4,Knights Ronin,5,2022/04/15
Guardians,38,11,CbrtbleHeroAhnkn,10,2022/04/14
Spacefleet,289,3,华夏星海,15,2022/04/13
Embers Rising,113,21,Rogue Corp,15,2022/04/13
Red Dawn,64,4,Knights Ronin,5,2022/04/12
Ark Summit,154,71,BattleCo,15,2022/04/12
Bounty Hunters,173,34,YETI Collective,15,2022/04/12
Metal Nova,49,2,SALTARDIS,10,2022/04/11
Lexx,41,1,Sprite,10,2022/04/11
Nearland Ind,247,39,ANZAC Warriors,15,2022/04/11
Anla'Shok,87,76,Internationals,15,2022/04/10
Orion,70,9,Red Coat Mafia,5,2022/04/10
OntarioDynasty,52,199,Spacecrevards,10,2022/04/10
$TAR$,64,75,Kpanhnn Kocmoc,15,2022/04/10
Sith Empire,69,218,Hinterm Mond,10,2022/04/10
Team Elite,73,67,Rocinante,10,2022/04/09
Kharon Shipping,200,126,ENFORCERS,10,2022/04/09
StarControl,100,0,龙门训练营,5,2022/04/09
StarControl,253,159,Legion,15,2022/04/09
T E H b,80,38,DTC,10,2022/04/08
Void Consortium,218,74,DTC,15,2022/04/08
Grunthal Gang,205,21,JTPS,10,2022/04/08
Dumpster Fire,12,24,ROGUE ONE,10,2022/04/07
EradicatorElite,126,30,KARI,10,2022/04/07
Weyland Corp,184,0,TGY Inc.,10,2022/04/07
Anla'Shok,215,0,The trade pub,15,2022/04/06
Metal Nova,75,2,Das Imperium,10,2022/04/06
Lexx,30,1,ROGUE ONE,10,2022/04/06
Embers Rising,111,30,第一序列,15,2022/04/06
Bounty Hunters,127,76,The Picard,10,2022/04/06
Spacefleet,41,83,Pandora's Star,10,2022/04/05
Star Fall,87,77,Karanth,5,2022/04/05
Team Elite,134,2,Urban Legends,5,2022/04/03
Orion,13,108,Widow Makers,10,2022/04/03
Nearland Ind,184,160,Rising star,15,2022/04/03
Spacecrevards,223,26,Watchers,10,2022/04/03
OntarioDynasty,174,38,Sith Empire,10,2022/04/03
$TAR$,134,86,Starsailors,15,2022/04/03
Hinterm Mond,257,55,Terranova,15,2022/04/03
pirates spatial,203,36,Rocket-Babies,15,2022/04/03
DTC,118,91,MAQUIS,15,2022/04/02
Auscorp,139,57,Final,15,2022/04/02
Tartaros Armada,98,284,Galactic Empire,15,2022/04/02
Tartaros Armada,144,30,Elite,10,2022/04/02
StarControl,191,51,Obsidian,15,2022/04/02
Kharon Shipping,232,61,Yishun CC,10,2022/04/02
DTC,30,0,Glashan,5,2022/04/01
Anla'Shok,190,13,ITA,15,2022/04/01
Lexx,36,7,2nd Squad,10,2022/04/01
Ark Summit,75,3,77=49,15,2022/03/31
Metal Nova,85,18,Federation,10,2022/03/31
Ender,231,0,KARI,10,2022/03/31
Weyland Corp,79,160,Grunthal Gang,10,2022/03/31
EradicatorElite,7,21,海賊ギルド,5,2022/03/30
EradicatorElite,54,14,PHOENIX,5,2022/03/30
Embers Rising,137,28,I.N.D.I.G.O,15,2022/03/30
Bounty Hunters,142,14,PocKocMoc,10,2022/03/29
Spacefleet,211,19,Star Jumpers,15,2022/03/28
Sith Empire,136,110,Salamanders,10,2022/03/28
Team Elite,39,15,GermanIndustrie,5,2022/03/28
Astra Ultima,20,170,Void,15,2022/03/28
Team Elite,39,15,GermanIndustrie,5,2022/03/28
Karanth,168,76,DadCorp,10,2022/03/27
Imperium XIII,102,8,Abh,5,2022/03/27
Anla'Shok,214,15,WFOS,15,2022/03/27
Bastion,15,28,MAPCIOKN,5,2022/03/27
Legion,127,0,DUNE,5,2022/03/27
Hinterm Mond,252,59,Watchers,10,2022/03/27
LIETUVA,51,22,pirates spatial,5,2022/03/27
pirates spatial,51,69,Polaris Corp.,10,2022/03/27
Spacecrevards,138,62,Space Marine,10,2022/03/27
Black Mirror Co,97,26,Space Pirate,10,2022/03/26
Weyland Corp,87,47,Star-Jump CORPS,10,2022/03/26
$TAR$,151,37,Death Flight,15,2022/03/26
StarControl,56,13,ГОРИЗОНТ,5,2022/03/26
Kharon Shipping,148,17,ГОРИЗОНТ,5,2022/03/26
Anla'Shok,214,15,WFOS,15,2022/03/26
Orion,41,34,Anarchy,5,2022/03/26
Nearland Ind,237,0,星呢月球,15,2022/03/26
Terranova,193,25,United Galaxies,15,2022/03/26
the heavy,87,104,Greener Pastures,10,2022/03/26
Star Fall,95,63,The Time Lords,5,2022/03/26
Void Consortium,291,64,JTPS,15,2022/03/25
StarControl,72,37,Furyan Corps.,5,2022/03/25
Metal Nova,12,71,ANBEPCAHTbl,10,2022/03/25
Grunthal Gang,46,242,ENFORCERS,15,2022/03/25
Lexx,22,0,우주미아,10,2022/03/25
Team Elite,36,8,R.S.F.,5,2022/03/23
Ark Summit,61,35,Embers Rising,10,2022/03/23
Spacefleet,74,56,Italian Stars,15,2022/03/22
Anla'Shok,236,4,Farming Inc.,15,2022/03/22
EradicatorElite,61,37,Gulinga,5,2022/03/22
pirates spatial,122,8,FreeSpcAlliance,10,2022/03/21
龙门训练营,0,277,Hinterm Mond,5,2022/03/21
Anla'Shok,236,4,Farming Inc.,15,2022/03/21
Auscorp,255,36,Rocket-by Baby,15,2022/03/20
Auscorp,61,41,Black Solaris,5,2022/03/20
Bastion,19,38,White Solaris,5,2022/03/20
Weyland Corp,63,70,Urban Legends,10,2022/03/20
Nearland Ind,24,102,Cnythnk,15,2022/03/20
Lexx,11,8,Kpanhnn Kocmoc,5,2022/03/20
Lexx,10,0,Discordia,5,2022/03/20
Corp Du Jour,20,28,pirates spatial,5,2022/03/19
Unimatrix Zero,92,113,POCCNR,10,2022/03/19
$TAR$,121,141,Rising star,15,2022/03/19
StarControl,177,120,ENFORCERS,15,2022/03/19
Metal Nova,68,6,Bo3poxaehne,10,2022/03/19
Terranova,76,130,Soylent Corp.,15,2022/03/19
Anla'Shok,26,6,Crazy Elite,15,2022/03/17
Team Elite,122,0,Argentina 1.0,5,2022/03/17
Grunthal Gang,222,33,VoidCorp,15,2022/03/17
Spacefleet,148,21,First Squad,10,2022/03/16
EradicatorElite,118,23,Rocinante,10,2022/03/16
Ark Summit,201,27,Death Flight,15,2022/03/16
Embers Rising,6,47,Farmville,15,2022/03/15
海賊ギルド,19,224,Hinterm Mond,5,2022/03/15
StarControl,93,31,Swiss Chillers,10,2022/03/14
Tartaros Armada,282,0,星呢月球,15,2022/03/14
StarControl,477,17,TSI Inc.,15,2022/03/14
Metal Nova,38,59,Nmnepnr,10,2022/03/14
Auscorp,144,32,ГОРИЗОНТ,10,2022/03/13
Terranova,106,81,Rocket-by Baby,15,2022/03/13
Spacecrevards,123,0,Trade Station,10,2022/03/13
Bastion,107,19,The Asylum,10,2022/03/12
Void Consortium,77,103,Obsidian,15,2022/03/12
Weyland Corp,36,83,DISS LIGA,10,2022/03/12
Nearland Ind,179,88,$TAR$,15,2022/03/12
Team Elite,72,1,Hydra,5,2022/03/11
Dumpster Fire,19,2,PODER ETERNO,10,2022/03/11
Grunthal Gang,33,64,Star Fall,5,2022/03/10
Embers Rising,141,4,Aepxaba Pycb,10,2022/03/10
Embers Rising,21,11,FAIR,10,2022/03/08
Lexx,17,311,OntarioDynasty,10,2022/03/08
Canadian Army,167,56,Farland Ind.,15,2022/03/07
$TAR$,101,123,Star Command,15,2022/03/07
Team Elite,68,65,InfamousExiles,5,2022/03/06
pirates spatial,56,0,Wintercomes,10,2022/03/06
Weyland Corp,66,118,Sith Empire,10,2022/03/06
Hinterm Mond,283,22,The Time Lords,10,2022/03/06
StarControl,197,48,Unimatrix Zero,10,2022/03/06
Nearland Ind,241,24,Covenant,15,2022/03/05
Karanth,79,39,Auscorp,5,2022/03/05
H3LL FLAY3RS,245,252,Austria,15,2022/03/05
ShalaskanEmpire,100,75,Elite Penguins,10,2022/03/05
Metal Nova,61,1,Alpha Tauri,10,2022/03/05
Grunthal Gang,315,10,KARI,15,2022/03/04
Ender,234,6,Cool Casual,10,2022/03/03
Lexx,66,1,仙女座星雲,10,2022/03/02
Ark Summit,325,0,太空的猫,15,2022/03/01
Famous Assassins,256,194,Curcubeu,15,2022/03/01
Embers Rising,102,128,Prosperity,15,2022/03/01
AlfaOmega,80,32,Anomaly,10,2022/02/28
SYNDICATE,38,106,Corporation,10,2022/02/28
Star-Jump CORPS,108,37,PocKocMoc,10,2022/02/28
UKR Spase,77,79,GalaxHitchikers,10,2022/02/28
Widow Makers,144,19,RSR Bravo,15,2022/02/28
Crazy Elite,9,155,Anla'Shok,15,2022/02/28
Spacecrevards,112,64,The Star League,15,2022/02/28
Rising star,113,63,Bloodtide,15,2022/02/28
ZEN,175,17,Peak Extraction,15,2022/02/28
Rocket-by Baby,32,164,Canadian Army,15,2022/02/28
Auscorp,166,46,G.M.U.,15,2022/02/28
Internationals,138,89,The Black Bulls,15,2022/02/28
Watchers,206,68,BRhue,15,2022/02/28
BlackStar Order,494,0,kdy,15,2022/02/28
OntarioDynasty,49,45,The Time Lords,10,2022/02/28
The Asylum,43,17,Imperium XIII,5,2022/02/28
Team Elite,81,17,Rocinante,5,2022/02/28
pirates spatial,133,145,Omega Alpha,15,2022/02/28
Solysis,3,23,77=49,10,2022/02/27
Famous Assassins,133,10,Path of Hades,15,2022/02/27
StarControl,149,105,Hinterm Mond,10,2022/02/27
Karanth,185,7,Elite,5,2022/02/27
Metal Nova,83,0,We R Bad,10,2022/02/26
Kharon Shipping,95,29,Terranova,5,2022/02/26
$TAR$,134,29,Special Force,15,2022/02/26
Grunthal Gang,227,20,Hydra,10,2022/02/26
Lexx,28,11,Bcenehckne 40%,10,2022/02/25
Embers Rising,76,36,USA Corp,10,2022/02/24
Anla'Shok,120,8,Alpha Nation,15,2022/02/23
Team Elite,57,44,EradicatorElite,5,2022/02/23
Black Mirror Co,89,23,Galactic Empire,10,2022/02/22
Bastion,54,10,海賊ギルド,5,2022/02/22
Famous Assassins,173,2,Omega Nation,15,2022/02/21
Bastion,69,0,Topговая Федерация,5,2022/02/21
Weyland Corp,109,4,Swiss Chillers,10,2022/02/21
H3LL FLAY3RS,136,117,CommCody & LPA,15,2022/02/21
Imperium XIII,144,5,Star Dust,5,2022/02/20
Famous Assassins,187,32,Ten Forward,15,2022/02/20
StarControl,209,63,UAGC,10,2022/02/20
Wintercomes,95,95,Aggronauten,10,2022/02/19
Metal Nova,55,3,United Stars,10,2022/02/19
Kharon Shipping,174,54,StarControl,5,2022/02/19
$TAR$,156,17,Ten Forward,15,2022/02/19
Grunthal Gang,116,37,Anla'Shok,15,2022/02/19
Lexx,18,0,Rusty legacy,10,2022/02/18
Team Elite,56,6,Hydra,5,2022/02/18
Watchers,30,55,Sith Empire,10,2022/02/17
Embers Rising,0,138,The Time Lords,10,2022/02/17
Ark Summit,173,20,New Utopia,15,2022/02/15
Ender,55,23,Rocinante,5,2022/02/14
Famous Assassins,98,79,IX Nernoh,15,2022/02/14
OntarioDynasty,95,28,Yishun CC,10,2022/02/14
Unimatrix Zero,108,21,Farland Ind.,10,2022/02/14
pirates spatial,151,13,Death Flight,15,2022/02/14
Metal Nova,71,39,BRASIL STAR,15,2022/02/13
Team Elite,44,21,The Asylum,5,2022/02/13
Terranova,20,76,DUNE,5,2022/02/13
Terranova,58,157,G.M.U.,15,2022/02/13
Weyland Corp,126,39,Regulus,10,2022/02/13
Nearland Ind,198,183,Galactic Empire,15,2022/02/13
System Shock,24,59,Hinterm Mond,5,2022/02/13
Bastion,47,14,Abh,5,2022/02/13
Wintercomes,129,32,casual,15,2022/02/12
StarControl,303,51,Salamanders,15,2022/02/12
$TAR$,130,48,USA,15,2022/02/12
Kharon Shipping,91,54,Star Fall,5,2022/02/12
Auscorp,131,58,ГОРИЗОНТ,15,2022/02/11
StarControl,106,15,Topговая Федерация,5,2022/02/11
Grunthal Gang,261,29,TSI Inc.,15,2022/02/11
Lexx,55,2,中国家民,10,2022/02/10
Embers Rising,104,12,Space Balls,10,2022/02/10
UKR Spase,6,3,aranas-vermelha,5,2022/02/09
Gulinga,27,52,EradicatorElite,5,2022/02/09
Spacefleet,25,123,Dark Skai,15,2022/02/08
EradicatorElite,194,2,SNSS,10,2022/02/08
Karanth,123,2,Zanganos,5,2022/02/08
Anla'Shok,76,105,Internationals,15,2022/02/07
Team Elite,30,82,Guardians,5,2022/02/07
StarControl,55,49,Greener Pastures,5,2022/02/07
pirates spatial,214,13,Sky Walkers,10,2022/02/07
Imperium XIII,29,38,DUNE,5,2022/02/06
Hinterm Mond,131,151,BlackStar Order,15,2022/02/06
Weyland Corp,80,81,Black Sun,10,2022/02/06
StarControl,36,73,Auscorp,10,2022/02/06
Bastion,56,12,The Asylum,10,2022/02/05
$TAR$,119,0,77=49,15,2022/02/05
Black Mirror Co,29,41,Ironbear Legion,10,2022/02/04
Terranova,100,44,Panola Corp.,5,2022/02/04
Nearland Ind,20,71,NOVA,15,2022/02/04
Unimatrix Zero,70,32,Star Fall,5,2022/02/04
Ark Summit,122,92,COЮЗ Akanemnr,15,2022/02/04
UKR Spase,82,29,第一序列,15,2022/02/04
Anla'Shok,61,16,The Promenade,15,2022/02/02
Metal Nova,62,13,Dark Skai,10,2022/02/02
Lexx,51,2,太空的猫,10,2022/02/02
Team Elite,24,34,Yishun CC,5,2022/02/02
Hinterm Mond,296,69,N7 Elite Forces,10,2022/02/01
Ender,149,24,EMP,10,2022/01/31
Spacefleet,48,204,Final,15,2022/01/31
GermanIndustrie,147,93,Unimatrix Zero,10,2022/01/31
StarControl,541,0,Final,15,2022/01/31
BlackStar Order,143,13,Watchers,15,2022/01/31
Kharon Shipping,90,23,InfamousExiles,5,2022/01/30
OntarioDynasty,34,55,DUNE,5,2022/01/29
ГОРИЗОНТ,233,135,Terranova,15,2022/01/29
$TAR$,158,35,YETI Collective,15,2022/01/29
Nearland Ind,181,121,Rising star,15,2022/01/29
Solysis,19,20,The Picard,10,2022/01/28
Black Mirror Co,10,51,Corporation,10,2022/01/28
Imperium XIII,62,23,Ritter der Nuss,5,2022/01/28
Anla'Shok,62,30,Stargate Corp,15,2022/01/27
Lexx,16,20,Battle Academy,5,2022/01/27
Lexx,16,7,Star War School,5,2022/01/27
Metal Nova,25,5,7SinS,10,2022/01/26
H3LL FLAY3RS,277,1,华夏星海,15,2022/01/26
EradicatorElite,31,83,Yishun CC,10,2022/01/26
Spacefleet,284,0,星舰地球,15,2022/01/25
Ark Summit,79,57,Spacefleet,15,2022/01/25
Team Elite,95,37,Hun Avengers,5,2022/01/25
Ender,63,20,DadCorp,10,2022/01/24
Legion,186,22,Knights Ronin,5,2022/01/24
InfamousExiles,0,161,Hinterm Mond,5,2022/01/24
Watchers,340,33,ГОРИЗОНТ,15,2022/01/24
Weyland Corp,75,28,N7 Elite Forces,10,2022/01/23
Bastion,114,41,Hydra,10,2022/01/23
StarControl,301,73,Terranova,15,2022/01/23
Auscorp,89,89,Final,15,2022/01/23
Anla'Shok,150,19,Enigma,15,2022/01/22
Star Gate,8,29,Imperium XIII,5,2022/01/22
UKR Spase,29,14,exirium,5,2022/01/22
Tacitus,148,15,The Picard,10,2022/01/22
$TAR$,119,0,우주미아,15,2022/01/22
Kharon Shipping,78,11,Space Donuts,5,2022/01/22
Lexx,35,24,Space Pirate,10,2022/01/22
Nearland Ind,172,143,CCCP,15,2022/01/22
Team Elite,77,3,PHOENIX,5,2022/01/21
Wacky Wabbits,47,56,Dauntless,15,2022/01/20
Metal Nova,72,1,Legionnaires,10,2022/01/20
BlackStar Order,442,3,Alpha Nation,15,2022/01/20
EradicatorElite,182,36,Gulinga,10,2022/01/19
Death Flight,1,223,Hinterm Mond,5,2022/01/18
Ender,137,48,COЮЗ,10,2022/01/17
Anla'Shok,187,5,TGY Inc.,15,2022/01/17
StarControl,232,110,DadCorp,15,2022/01/17
Solysis,46,185,SYNDICATE,15,2022/01/16
Imperium XIII,116,16,LOST PIRATES,5,2022/01/16
Auscorp,216,35,Terranova,15,2022/01/16
OntarioDynasty,100,98,Spacecrevards,10,2022/01/16
Unimatrix Zero,304,54,Black Solaris,10,2022/01/15
Unimatrix Zero,38,0,HORNET,5,2022/01/15
Bastion,38,35,Sith Empire,10,2022/01/15
$TAR$,6,12,Defiant wolfs,5,2022/01/15
$TAR$,118,8,Special Force,15,2022/01/15
ГОРИЗОНТ,81,52,HORNET,10,2022/01/15
Team Elite,39,16,Grunthal Gang,5,2022/01/15
Nearland Ind,153,135,DarkMoon,15,2022/01/15
Weyland Corp,24,39,Topговая Федерация,10,2022/01/14
Metal Nova,44,24,INFINITY STAR,10,2022/01/14
EradicatorElite,154,5,Dark Skai,10,2022/01/13
Spacefleet,186,27,Dark Age,15,2022/01/11
Anla'Shok,185,1,BR Gear,15,2022/01/11
Ender,117,38,BRhue,10,2022/01/10
UKR Spase,140,13,Rocket-by Baby,10,2022/01/10
StarControl,265,12,LossFarm No. 648,10,2022/01/10
StarControl,287,47,The Star League,10,2022/01/10
Imperium XIII,24,89,Hinterm Mond,5,2022/01/10
BlackStar Order,503,2,The BR Project,15,2022/01/10
Spacecrevards,239,124,Terranova,15,2022/01/09
Auscorp,203,77,Salamanders,10,2022/01/08
Tacitus,112,98,Nearland Ind,15,2022/01/08
$TAR$,129,8,Crazy Monkeys,15,2022/01/08
Wacky Wabbits,154,56,Solysis,15,2022/01/08
Team Elite,35,38,E.T.A,5,2022/01/07
ГОРИЗОНТ,110,7,TheSpacingGuild,5,2022/01/07
Anla'Shok,111,6,Crazy Elite,15,2022/01/06
OntarioDynasty,92,111,Ancient Library,10,2022/01/05
Spacefleet,301,4,Red Coat Mafia,15,2022/01/04
InfamousExiles,3,53,Hinterm Mond,5,2022/01/04
BlackStar Order,347,13,Españoles,15,2022/01/04
StarControl,215,24,The Picard,10,2022/01/03
Yishun CC,28,23,Kharon Shipping,5,2022/01/02
$TAR$,125,1,혁명군,15,2022/01/02
Dragon Army,18,66,Nooooobs,10,2022/01/02
Corp. Estelar,93,0,KARI,10,2022/01/02
Imperium XIII,78,30,Black Sun,10,2022/01/02
Dark Skai,30,95,Omega Alpha,10,2022/01/02
Star Wars,98,42,Lost Legion,10,2022/01/02
USA Corp,58,135,Orion,10,2022/01/02
WFOS,93,11,Galaxia,15,2022/01/02
Big Hammer,4,261,Starsailors,15,2022/01/02
Terranova,269,4,KARI,15,2022/01/02
Space Donuts,375,0,G.M.U.,15,2022/01/02
Spacecrevards,54,50,DUNE,5,2022/01/02
Anla'Shok,135,6,YETI Collective,15,2022/01/01
Auscorp,1,49,Star Fall,5,2022/01/01
Team Elite,119,12,Topговая Федерация,5,2022/01/01
Nearland Ind,28,25,Alpaca Haven,15,2022/01/01
Wintercomes,16,7,Russian Corp,10,2021/12/31
Spacefleet,131,23,Embers Rising,15,2021/12/29
Weyland Corp,81,39,Farland Ind.,10,2021/12/28
Polaris,42,34,Bastion,5,2021/12/28
UKR Spase,94,17,DISS LIGA,10,2021/12/28
Spacecrevards,136,8,Sith Empire,5,2021/12/27
Anla'Shok,2,26,Space Oddity,10,2021/12/26
Solysis,32,40,Foreshadowing,15,2021/12/26
Tacitus,88,14,Nюбители пива,15,2021/12/26
Imperium XIII,96,40,Hydra,10,2021/12/25
Urban Legends,0,22,Kharon Shipping,10,2021/12/25
$TAR$,128,124,Bounty Hunters,15,2021/12/25
Wacky Wabbits,142,104,Serenity,15,2021/12/25
StarControl,180,33,ГОРИЗОНТ,10,2021/12/25
Nearland Ind,153,10,Aepxaba Pycb,15,2021/12/24
Spacefleet,154,7,Path of Hades,15,2021/12/23
Team Elite,61,170,Best,10,2021/12/23
Spacecrevards,93,92,POCCNR,10,2021/12/23
EradicatorElite,126,2,Black Sun,10,2021/12/21
Anla'Shok,70,70,Internationals,15,2021/12/20
OntarioDynasty,84,45,The Time Lords,10,2021/12/20
Ender,98,39,EradicatorElite,10,2021/12/19
Auscorp,133,70,DadCorp,15,2021/12/19
Terranova,211,81,Sith Empire,15,2021/12/19
Tacitus,0,309,Midland Ind.,15,2021/12/18
$TAR$,136,9,Daemon Runners,15,2021/12/18
StarControl,168,110,Legion,15,2021/12/18
Spacefleet,110,85,OntarioDomicile,15,2021/12/17
Imperium XIII,137,13,The Picard,10,2021/12/17
Greener Pastures,21,60,Kharon Shipping,5,2021/12/17
Wacky Wabbits,166,5,혁명군,15,2021/12/17
Nearland Ind,163,1,The Force,15,2021/12/17
Covenant,53,89,The trade pub,15,2021/12/15
Death Flight,14,158,Embers Rising,15,2021/12/15
KARI,0,196,Continuum,15,2021/12/15
Anla'Shok,65,55,GDZ,15,2021/12/15
System Shock,29,10,Final,5,2021/12/14
Team Elite,52,44,First Squad,10,2021/12/13
Sith Empire,116,67,Rocket-by Baby,15,2021/12/12
$TAR$,3,2,Teeny's WS,5,2021/12/12
$TAR$,60,154,The BR Project,15,2021/12/12
StarControl,143,51,OntarioDynasty,10,2021/12/12
Spacecrevards,285,80,Terranova,15,2021/12/12
Imperium XIII,62,0,Starsailors,5,2021/12/11
Karanth,44,30,InfamousExiles,5,2021/12/11
Hinterm Mond,214,118,DadCorp,15,2021/12/11
UKR Spase,235,0,KARI,15,2021/12/11
ГОРИЗОНТ,27,159,Auscorp,15,2021/12/11
Kharon Shipping,169,70,POCCNR,10,2021/12/11
Anla'Shok,193,4,Omega Nation,15,2021/12/10
Karanth,50,38,Star Fall,5,2021/12/10
Imperium XIII,62,0,Starsailors,10,2021/12/10
Nearland Ind,41,157,The BR Project,15,2021/12/10
EradicatorElite,36,98,Ender,10,2021/12/09
Wacky Wabbits,150,87,Covenant,15,2021/12/09
Team Elite,10,31,Yishun CC,5,2021/12/08
Ender,67,83,HORNET,10,2021/12/08
Black Mirror Co,39,36,CCCP,10,2021/12/07
Spacefleet,94,37,KARI,10,2021/12/07
Sith Empire,113,37,Hipernova,15,2021/12/06
Weyland Corp,54,20,海賊ギルド,10,2021/12/06
Spacecrevards,241,145,Farland Ind.,15,2021/12/06
Hinterm Mond,367,53,Watchers,15,2021/12/06
StarControl,85,46,The Time Lords,10,2021/12/06
Anla'Shok,105,55,Continuum,15,2021/12/05
Terranova,87,168,DadCorp,15,2021/12/05
Unimatrix Zero,240,1,Trade Station,10,2021/12/05
Bastion,16,7,Star-Jump CORPS,5,2021/12/05
OntarioDynasty,16,94,Auscorp,5,2021/12/05
Imperium XIII,40,32,Sol,5,2021/12/05
$TAR$,8,20,HORNET,5,2021/12/05
$TAR$,115,7,CCCP,15,2021/12/05
Kharon Shipping,217,29,UAGC,10,2021/12/05
Team Elite,52,7,Grunthal Gang,5,2021/12/03
Nearland Ind,121,9,Path of Hades,15,2021/12/03
Elite,30,109,EradicatorElite,10,2021/12/01
Ender,150,39,Gulinga,10,2021/12/01
Spacefleet,84,9,BR Gear,15,2021/11/30
Terranova,157,85,Furyan Corps.,15,2021/11/30
OntarioDynasty,80,84,The Star League,5,2021/11/30
StarControl,109,33,Star Fall,5,2021/11/29
$TAR$,124,25,Astra Ultima,15,2021/11/28
Team Elite,67,5,Polaris Corp.,5,2021/11/28
Anla'Shok,132,3,Rocket-by Baby,15,2021/11/27
Kharon Shipping,258,24,Topговая Федерация,10,2021/11/27
ГОРИЗОНТ,57,19,Karanth,5,2021/11/26
Wacky Wabbits,193,0,casual,15,2021/11/26
Ark Summit,170,1,The trade pub,15,2021/11/25
EradicatorElite,190,8,Pandora's Star,10,2021/11/24
Spacefleet,121,7,Dauntless,15,2021/11/23
COЮЗ,0,386,Hinterm Mond,15,2021/11/23
Karanth,59,38,M3K,10,2021/11/22
Team Elite,48,6,Bastion,5,2021/11/22
Ender,35,49,The Time Lords,10,2021/11/22
Anla'Shok,102,1,EMP,15,2021/11/21
Spacecrevards,98,58,DUNE,10,2021/11/20
Bastion,19,48,Polaris,5,2021/11/20
Weyland Corp,187,7,Space Balls,10,2021/11/20
ГОРИЗОНТ,172,65,Terranova,15,2021/11/20
$TAR$,215,0,Core Infliction,15,2021/11/20
Ten Forward,38,13,GermanSpaceUno.,10,2021/11/17
Anla'Shok,57,49,Stargate Corp,15,2021/11/17
Spacefleet,280,0,Galaxia,15,2021/11/16
Team Elite,41,31,The Star League,5,2021/11/16
Canadian Army,49,187,Internationals,15,2021/11/15
Elite,110,21,Starsailors,5,2021/11/15
EradicatorElite,171,0,Silver Guard,10,2021/11/15
BlackStar Order,685,0,Farland Ind.,15,2021/11/14
Terranova,88,61,KARI,15,2021/11/14
Hinterm Mond,131,35,Final,10,2021/11/14
OntarioDynasty,19,53,nebulous,5,2021/11/14
Kharon Shipping,73,107,StarControl,10,2021/11/14
Imperium XIII,0,34,Deutsch Staat D,5,2021/11/14
Karanth,35,57,Space Penguins,5,2021/11/13
Karanth,207,24,Gulinga,5,2021/11/13
Auscorp,114,73,Watchers,15,2021/11/13
Tacitus,36,67,IX Nernoh,10,2021/11/13
ГОРИЗОНТ,130,20,EZCO,10,2021/11/13
UKR Spase,51,23,On en a Gros !,10,2021/11/13
$TAR$,89,48,Black Mirror Co,15,2021/11/13
Anla'Shok,170,8,Free Thinkers 2,15,2021/11/10
Spacefleet,217,0,Path of Hades,15,2021/11/09
Team Elite,47,106,Justice League,5,2021/11/09
Canadian Army,183,49,Españoles,15,2021/11/08
Bastion,70,0,Swiss Chillers,10,2021/11/08
Legion,273,3,Rocinante,10,2021/11/08
Imperium XIII,59,13,Españoles,5,2021/11/08
DUNE,61,18,Polish Pirates,5,2021/11/07
Terranova,79,139,Urban Legends,15,2021/11/07
Weyland Corp,36,58,KARI,10,2021/11/07
UKR Spase,127,6,The Force,15,2021/11/07
Hinterm Mond,95,26,OntarioDynasty,5,2021/11/07
EradicatorElite,64,23,Urban Legends,10,2021/11/07
$TAR$,196,140,CommCody & LPA,15,2021/11/07
Kharon Shipping,151,34,Watchers,10,2021/11/07
Auscorp,74,104,Salamanders,10,2021/11/06
ГОРИЗОНТ,125,0,SNSS,10,2021/11/06
StarControl,184,3,Final,15,2021/11/06
BlackStar Order,625,0,Anla'Shok,15,2021/11/05
Wintercomes,144,143,DTC,15,2021/11/05
Tacitus,73,58,TGY Inc.,15,2021/11/05
Unimatrix Zero,78,20,Star Fall,5,2021/11/05
Embers Rising,72,91,Prosperity,10,2021/11/04
Team Elite,62,58,Polaris,5,2021/11/03
Ark Summit,116,8,Dark Skai,15,2021/11/03
Spacefleet,223,0,Dauntless,15,2021/11/02
Canadian Army,190,28,USA,15,2021/11/01
Bastion,48,84,Yishun CC,10,2021/11/01
Hinterm Mond,165,61,The Star League,10,2021/11/01
Spacecrevards,151,40,EZCO,10,2021/10/31
Terranova,65,61,UAGC,15,2021/10/31
StarControl,31,64,Salamanders,5,2021/10/31
StarControl,112,26,Ender,10,2021/10/31
Anla'Shok,197,0,第一序列,15,2021/10/30
Black Mirror Co,142,138,Star Wars,15,2021/10/30
DUNE,65,0,Paиoн No 9,5,2021/10/30
DUNE,268,0,COЮЗ,10,2021/10/30
$TAR$,54,2,Hellfire Club,5,2021/10/30
Path of Hades,4,115,$TAR$,15,2021/10/30
ГОРИЗОНТ,191,50,Farland Ind.,15,2021/10/30
MAQUIS,178,0,星舰地球,15,2021/10/30
TSI Inc.,162,30,First Squad,15,2021/10/30
Obsidian,211,33,Industrial W.O,15,2021/10/30
DTC,167,101,Gummibarenbande,15,2021/10/30
Tacitus,291,1,TPYNRNR,15,2021/10/30
Kharon Shipping,81,52,Karanth,5,2021/10/30
Imperium XIII,30,20,Team Elite,5,2021/10/28
Anla'Shok,73,20,Prophecy,15,2021/10/25
Canadian Army,167,36,G.M.U.,15,2021/10/25
Elite,12,75,DISS LIGA,10,2021/10/24
DUNE,123,7,Black Sun,10,2021/10/24
ГОРИЗОНТ,109,92,The Star League,10,2021/10/24
OntarioDynasty,46,40,Furyan Corps.,5,2021/10/24
Wacky Wabbits,72,56,ANZAC Warriors,15,2021/10/24
DadCorp,105,30,Ender,10,2021/10/23
Unimatrix Zero,67,130,BlackStar Order,15,2021/10/23
Terranova,84,37,Farland Ind.,15,2021/10/23
$TAR$,160,14,Simply Chaos,15,2021/10/23
Imperium XIII,81,15,The X-Files,5,2021/10/23
Auscorp,90,21,Bastion,15,2021/10/23
StarControl,159,51,Unimatrix Zero,15,2021/10/23
Karanth,223,13,ГОРИЗОНТ,5,2021/10/22
Kharon Shipping,218,15,Yishun CC,10,2021/10/22
Team Elite,54,0,Polaris Corp.,5,2021/10/22
Spacefleet,228,7,Space Balls,10,2021/10/20
Ark Summit,142,0,G.M.U.,15,2021/10/20
Anla'Shok,74,40,Galactic Empire,15,2021/10/19
Españoles,31,113,The Black Bulls,15,2021/10/19
Ahamkara,142,9,Dauntless,15,2021/10/19
Canadian Army,165,4,Silver Guard,15,2021/10/19
Trade Station,97,84,The Star League,15,2021/10/19
Watchers,194,1,中国家民,15,2021/10/19
KARI,33,219,JTPS,15,2021/10/19
Hinterm Mond,66,99,DadCorp,10,2021/10/18
StarControl,116,10,Sith Empire,5,2021/10/18
Sith Empire,62,91,Bastion,10,2021/10/17
StarControl,48,18,Spacecrevards,5,2021/10/17
$TAR$,117,43,Omega Alpha,15,2021/10/17
Karanth,153,21,Nюбители пива,5,2021/10/16
Terranova,7,398,BlackStar Order,15,2021/10/16
Auscorp,406,0,COЮЗ,15,2021/10/16
ГОРИЗОНТ,46,166,Elite Penguins,15,2021/10/16
Kharon Shipping,141,25,Ender,10,2021/10/16
Team Elite,5,47,KOPNOPAUNR 3NA,5,2021/10/15
Dark Skai,125,5,YETI Collective,15,2021/10/13
Wintercomes,97,41,OntarioDomicile,10,2021/10/12
GermanIndustrie,66,0,Sith Empire,5,2021/10/12
Hinterm Mond,91,52,Legion,10,2021/10/11
Weyland Corp,10,85,Trade Station,10,2021/10/10
Elite,53,25,Austria,10,2021/10/10
StarControl,271,12,EGO,15,2021/10/10
the heavy,60,34,Karanth,5,2021/10/10
Embers Rising,83,34,Yellow Dwarf,10,2021/10/10
OntarioDynasty,71,40,BRhue,5,2021/10/10
Sith Empire,28,116,Terranova,15,2021/10/10
Anla'Shok,57,73,Farland Ind.,15,2021/10/09
DUNE,33,10,Ritter der Nuss,5,2021/10/09
DUNE,69,16,Bastion,5,2021/10/09
Tacitus,154,12,Nюбители пива,10,2021/10/09
Auscorp,148,17,G.M.U.,15,2021/10/09
$TAR$,121,8,Industrial W.O,15,2021/10/09
Team Elite,86,13,The X-Files,5,2021/10/09
ГОРИЗОНТ,53,34,nebulous,15,2021/10/09
Karanth,27,7,EMP,5,2021/10/09
Ender,123,20,Polish Pirates,10,2021/10/08
H3LL FLAY3RS,85,138,혁명군,10,2021/10/06
Dark Skai,46,58,Continuum,15,2021/10/06
Canadian Army,156,117,Soylent Corp.,15,2021/10/06
Ark Summit,156,30,Internationals,15,2021/10/06
Spacefleet,56,117,BattleCo,10,2021/10/05
Yishun CC,15,31,GermanIndustrie,5,2021/10/05
Unimatrix Zero,87,0,HORNET,5,2021/10/05
Elite,32,115,TPYNRNR,15,2021/10/05
EradicatorElite,160,12,Urban Legends,10,2021/10/05
Anla'Shok,69,4,Stargate Corp,15,2021/10/04
Team Elite,52,10,PocKocMoc,5,2021/10/04
Imperium XIII,39,17,Topговая Федерация,5,2021/10/03
DUNE,12,78,Anke none,5,2021/10/03
Spacecrevards,453,0,casual,15,2021/10/03
StarControl,111,96,Hinterm Mond,10,2021/10/03
ГОРИЗОНТ,42,96,Salamanders,5,2021/10/03
ГОРИЗОНТ,12,66,System Shock,5,2021/10/03
UKR Spase,68,1,Orion,10,2021/10/03
Sith Empire,3,233,BlackStar Order,15,2021/10/02
$TAR$,152,131,Star Command,15,2021/10/02
Bcenehckne 40%,1,8,$TAR$,5,2021/10/02
Auscorp,175,90,Society of Sin,15,2021/10/02
Karanth,220,10,Polaris,5,2021/10/02
Ritter der Nuss,35,10,Space Donuts,5,2021/10/02
Ender,39,61,HORNET,10,2021/10/01
Anla'Shok,151,5,Wacky Wabbits,15,2021/09/29
Spacefleet,94,38,Gulinga,10,2021/09/29
Canadian Army,41,114,Internationals,15,2021/09/29
Embers Rising,40,173,ZEN,15,2021/09/29
Dark Skai,128,107,Stargate Corp,15,2021/09/29
Team Elite,30,60,JTPS,5,2021/09/28
Canadian Army,168,6,星舰地球,15,2021/09/27
nebulous,27,86,Hinterm Mond,10,2021/09/27
Tacitus,178,122,Foreshadowing,15,2021/09/26
DUNE,13,2,LOST PIRATES,5,2021/09/26
DUNE,78,0,Abh,5,2021/09/26
OntarioDynasty,96,78,Watchers,15,2021/09/26
UKR Spase,26,8,GalaxyGuardians,5,2021/09/26
Karanth,36,4,Topговая Федерация,5,2021/09/26
Terranova,37,125,DadCorp,10,2021/09/25
Weyland Corp,28,53,DISS LIGA,10,2021/09/25
$TAR$,142,133,Rising star,15,2021/09/25
Legion,229,29,Ender,15,2021/09/25
ГОРИЗОНТ,157,39,Final,15,2021/09/25
AMБPEЛЛA,249,84,Elite Penguins,15,2021/09/25
Kharon Shipping,64,37,StarControl,10,2021/09/25
Yishun CC,36,60,Star Fall,5,2021/09/24
Elite,2,30,Star-Jump CORPS,10,2021/09/24
Anla'Shok,44,41,Ahamkara,15,2021/09/23
Embers Rising,125,14,지고 받자,15,2021/09/22
Team Elite,61,1,Rocinante,5,2021/09/22
Dark Skai,126,7,Red Coat Mafia,15,2021/09/22
EradicatorElite,130,2,Aggronauten,10,2021/09/22
Karanth,202,62,HORNET,10,2021/09/22
Interstellar,101,0,Imperium XIII,10,2021/09/21
Hinterm Mond,268,44,Bastion,10,2021/09/20
Elite,55,69,Space Donuts,10,2021/09/20
Elite,0,118,The Time Lords,10,2021/09/19
Sith Empire,57,40,Furyan Corps.,15,2021/09/19
OntarioDynasty,73,50,Final,15,2021/09/19
StarControl,122,63,EMP,5,2021/09/19
Spacecrevards,205,33,Black Sun,10,2021/09/19
Anla'Shok,180,0,Starsailors,15,2021/09/18
Terranova,25,140,Salamanders,10,2021/09/18
Unimatrix Zero,246,16,Topговая Федерация,5,2021/09/18
$TAR$,107,0,第一序列,15,2021/09/18
Auscorp,89,138,BlackStar Order,15,2021/09/18
UKR Spase,33,7,42 Nova Corps.,5,2021/09/18
Kharon Shipping,373,10,EZCO,10,2021/09/18
Yishun CC,36,27,Ender,10,2021/09/17
Aus Alliance,83,16,EGO,10,2021/09/16
Team Elite,52,29,First Squad,5,2021/09/16
Red Coat Mafia,116,1,Dauntless,15,2021/09/16
Dark Skai,244,0,KARI,15,2021/09/16
EradicatorElite,15,5,bob,5,2021/09/15
EradicatorElite,151,17,GDZ,10,2021/09/15
Embers Rising,95,21,Bcenehckne 40%,15,2021/09/15
EMP,101,14,Final,15,2021/09/14
Anla'Shok,64,0,Polaris,15,2021/09/13
Sith Empire,244,30,Españoles,15,2021/09/13
Elite,57,39,Majapahit,10,2021/09/13
Imperium XIII,63,15,Ten Forward,5,2021/09/12
Canadian Army,194,10,Crazy Elite,15,2021/09/12
StarControl,23,80,Star Fall,5,2021/09/12
Spacecrevards,134,123,Terranova,10,2021/09/12
COЮЗ,4,164,ГОРИЗОНТ,10,2021/09/12
HORNET,15,29,Black Solaris,5,2021/09/12
Tacitus,222,28,The Force,15,2021/09/12
RUS,29,37,Hinterm Mond,10,2021/09/12
StarControl,35,29,Hinterm Mond,5,2021/09/12
Bastion,73,146,BRhue,10,2021/09/11
Legion,206,35,DadCorp,10,2021/09/11
Weyland Corp,7,85,DUNE,10,2021/09/11
$TAR$,106,12,CCCP,15,2021/09/11
Team Elite,22,0,M4-Legends,5,2021/09/11
UKR Spase,1,11,DISS LIGA,5,2021/09/11
Kharon Shipping,201,23,Ender,10,2021/09/11
Yishun CC,105,127,Elite Penguins,15,2021/09/10
Spacefleet,105,6,Lacuna Ind.,10,2021/09/09
Anla'Shok,60,0,Prosperity,15,2021/09/08
Elite,52,0,SNSS,10,2021/09/07
OntarioDynasty,95,35,Españoles,15,2021/09/06
DUNE,11,55,Stalkers' Zone,5,2021/09/05
Weyland Corp,116,14,Crazy Elite,10,2021/09/05
Unimatrix Zero,111,64,The Star League,10,2021/09/05
Star Fall,59,29,Terranova,5,2021/09/05
Bastion,52,48,StarControl,5,2021/09/05
Hamburg AG 2,47,46,Hydra,10,2021/09/05
Helion Prime,28,64,Black Sun,10,2021/09/05
StarControl,119,35,DadCorp,10,2021/09/05
Blood Brigade,87,97,LossFarm No. 648,10,2021/09/05
Orion,81,9,Starsailors,15,2021/09/05
OntarioDynasty,64,44,Dauntless,15,2021/09/05
TPYNRNR,105,22,Black Sun,15,2021/09/05
Ten Forward,25,104,CCCP,15,2021/09/05
Canadian Army,120,82,Hipernova,15,2021/09/05
KARI,204,4,TGY Inc.,15,2021/09/05
Red Coat Mafia,159,103,Kpanhnn Kocmoc,15,2021/09/05
Team Elite,30,24,Avantgarde,5,2021/09/05
Final,40,79,Hinterm Mond,15,2021/09/05
BR Gear,177,0,KARI,15,2021/09/05
Imperium XIII,31,24,Topговая Федерация,5,2021/09/04
Auscorp,140,25,Elite Penguins,15,2021/09/04
ГОРИЗОНТ,59,22,Ender,10,2021/09/04
$TAR$,112,60,The BR Project,15,2021/09/04
Tacitus,196,24,COЮЗ,15,2021/09/04
EradicatorElite,43,18,Wintercomes,10,2021/09/03
Dark Skai,24,29,Prosperity,15,2021/09/03
Anla'Shok,162,0,星舰地球,15,2021/09/02
Embers Rising,112,10,Spacefleet,10,2021/09/02
Ark Summit,122,97,Prosperity,15,2021/08/30
Canadian Army,187,8,G.M.U.,15,2021/08/30
Rocket-by Baby,146,17,RussianRangers,15,2021/08/30
Hinterm Mond,540,16,Urban Legends,15,2021/08/30
Bastion,13,61,Crazy Elite,5,2021/08/30
StarControl,60,17,Hinterm Mond,5,2021/08/30
OntarioDynasty,26,113,BlackStar Order,10,2021/08/29
Terranova,16,75,DUNE,10,2021/08/29
Legion,295,7,Final,15,2021/08/29
ГОРИЗОНТ,220,39,Sith Empire,15,2021/08/29
Ender,61,41,Hades Corpo,10,2021/08/28
Anla'Shok,77,15,Foreshadowing,15,2021/08/28
Auscorp,108,46,United Galaxies,15,2021/08/28
DUNE,7,31,DegobaSystem,5,2021/08/28
UKR Spase,44,16,Peaky Blinders,10,2021/08/28
$TAR$,155,65,Nearland Ind,15,2021/08/28
Team Elite,50,27,Topговая Федерация,5,2021/08/28
DUNE,14,5,Topговая Федерация,5,2021/08/27
Unimatrix Zero,51,163,Karanth,5,2021/08/27
Weyland Corp,46,43,Gummibarenbande,10,2021/08/27
EradicatorElite,110,5,Hun Generals,10,2021/08/27
Imperium XIII,6,30,Int. Trading Co,5,2021/08/26
Dark Skai,137,0,WFOS,15,2021/08/25
PocKocMoc,30,6,Imperium XIII,10,2021/08/25
Canadian Army,32,55,Anla'Shok,15,2021/08/24
Gamekings,66,35,Spacefleet,15,2021/08/24
Ark Summit,148,30,EMP,15,2021/08/23
StarControl,102,79,OntarioDynasty,10,2021/08/23
Elite,100,5,The X-Files,10,2021/08/23
Ender,175,75,The Star League,10,2021/08/22
Auscorp,95,49,Evil Empire,15,2021/08/22
Terranova,27,38,Unimatrix Zero,5,2021/08/22
Hinterm Mond,171,28,DadCorp,15,2021/08/22
Rocket-by Baby,37,213,The Force,15,2021/08/22
Black Sun,91,15,Trade Station,15,2021/08/22
Kharon Shipping,264,8,VoidCorp,10,2021/08/21
$TAR$,158,0,Aepxaba Pycb,15,2021/08/21
Imperium XIII,29,161,Grunthal Gang,10,2021/08/21
Yishun CC,12,53,Int. Trading Co,5,2021/08/21
The First Order,82,0,Imperium XIII,10,2021/08/20
KLM,2,50,龙门训练营,15,2021/08/18
Prosperity,128,30,지고 받자,15,2021/08/18
Internationals,154,12,Covenant,15,2021/08/18
Space Balls,83,2,GermanSpaceUno.,10,2021/08/18
Ahamkara,76,12,Swiss Chillers,10,2021/08/18
Internationals,3,123,Aggronauten,10,2021/08/18
The Fracture,79,57,Dreckiger Rest,10,2021/08/18
Dark Skai,118,48,星舰地球,15,2021/08/18
Anla'Shok,78,44,星舰地球,15,2021/08/17
Elite,48,10,Weyland Corp,10,2021/08/17
OntarioDynasty,236,31,The Star League,10,2021/08/16
Canadian Army,197,5,Lacuna Ind.,15,2021/08/16
StarControl,27,56,nebulous,5,2021/08/16
StarControl,96,22,42 Nova Corps.,5,2021/08/16
Yishun CC,11,72,GermanIndustrie,10,2021/08/16
Spacefleet,79,0,Path of Hades,15,2021/08/15
EradicatorElite,60,1,Pulsar,5,2021/08/15
Orion,86,11,Free Thinkers 2,10,2021/08/14
Aus Alliance,116,13,Free Thinkers 2,10,2021/08/14
the heavy,79,60,Hydra,10,2021/08/14
COЮЗ,50,177,USSR,10,2021/08/14
BR Gear,0,32,Rocket-by Baby,15,2021/08/14
Furyan Corps.,36,1,BRhue,15,2021/08/14
Omega Alpha,127,61,No Orbit,15,2021/08/14
KARI,233,0,COЮЗ,15,2021/08/14
$TAR$,101,10,CCCP,15,2021/08/14
Black Sun,25,84,EGO,15,2021/08/14
Kharon Shipping,296,4,11th Engineers,10,2021/08/14
Imperium XIII,160,32,The Outfit,10,2021/08/14
Topговая Федерация,39,30,ГОРИЗОНТ,5,2021/08/14
Ark Summit,93,26,GDZ,15,2021/08/13
Anla'Shok,113,6,YETI Collective,15,2021/08/12
Dark Skai,177,2,GermanSpaceUno.,15,2021/08/12
Team Elite,54,15,ГОРИЗОНТ,5,2021/08/12
Spacefleet,151,11,第一序列,15,2021/08/10
Ender,87,11,Polaris Corp.,10,2021/08/10
Yishun CC,119,41,Sith Empire,15,2021/08/10
Elite,75,2,White Dwarf,10,2021/08/10
Terranova,64,45,StarControl,5,2021/08/09
Canadian Army,138,1,Peaky Blinders,10,2021/08/09
Team Elite,26,72,StarControl,5,2021/08/09
OntarioDynasty,173,0,Españoles,10,2021/08/09
Bastion,61,107,Hinterm Mond,10,2021/08/09
nebulous,35,289,Kharon Shipping,10,2021/08/09
Anla'Shok,78,10,Octoberpierynm,15,2021/08/08
Rocket-by Baby,123,166,Stargate Corp,15,2021/08/08
Imperium XIII,78,44,EZCO,5,2021/08/08
ГОРИЗОНТ,26,341,Legion,15,2021/08/08
Auscorp,128,56,USA,15,2021/08/08
Weyland Corp,42,26,OntarioDominion,10,2021/08/08
Ark Summit,154,38,VoidCorp,15,2021/08/08
帝国军事学院,48,1,Imperium XIII,15,2021/08/08
DUNE,156,16,Hydra,10,2021/08/07
$TAR$,66,10,JerK,10,2021/08/07
Black Sun,9,37,NOVA,15,2021/08/07
Elite,58,14,EradicatorElite,10,2021/08/05
Yishun CC,383,0,United Galaxies,15,2021/08/05
OntarioDynasty,54,1,GermanIndustrie,5,2021/08/05
Spacefleet,65,28,Covenant,15,2021/08/04
The Black Bulls,11,44,Hinterm Mond,5,2021/08/04
H3LL FLAY3RS,153,14,Prosperity,15,2021/08/04
Dark Skai,69,17,星呢月球,15,2021/08/04
Ender,69,12,The Time Lords,10,2021/08/03
Team Elite,37,27,Polaris,5,2021/08/03
Anla'Shok,82,3,Galactic Otters,15,2021/08/02
Rocket-by Baby,52,37,Order of Hades,15,2021/08/01
Terranova,25,17,Salamanders,5,2021/08/01
DUNE,60,0,Astra Ultima,5,2021/08/01
StarControl,55,93,Hinterm Mond,10,2021/08/01
ГОРИЗОНТ,115,45,Furyan Corps.,10,2021/08/01
Bastion,14,112,Star Fall,5,2021/08/01
Unimatrix Zero,110,64,System Shock,15,2021/08/01
Canadian Army,142,2,Imperium XIII,15,2021/08/01
Yishun CC,99,120,Elite Penguins,15,2021/07/31
DadCorp,87,121,HORNET,15,2021/07/31
Weyland Corp,77,11,COЮЗ,10,2021/07/31
$TAR$,109,68,White Star Inc.,15,2021/07/31
Black Sun,70,31,TPYNRNR,15,2021/07/31
Elite,58,2,DarkMoon,10,2021/07/31
EradicatorElite,29,38,Galactic Force,10,2021/07/30
Team Elite,58,13,Gulinga,5,2021/07/29
Ender,143,17,SNSS,10,2021/07/28
Spacefleet,27,22,SNSS,10,2021/07/28
Anla'Shok,66,6,G.M.U.,15,2021/07/28
Dark Skai,133,29,Galaxia,15,2021/07/28
Kharon Shipping,279,1,Galactic Otters,10,2021/07/26
StarControl,104,19,W.O.A,10,2021/07/26
OntarioDynasty,1,62,Hinterm Mond,5,2021/07/26
Elite,111,53,Regulus,10,2021/07/26
Rocket-by Baby,151,74,NERF TOY'S,15,2021/07/25
Yishun CC,196,19,UAGC,15,2021/07/25
UKR Spase,10,11,XenoCorp,5,2021/07/25
Bastion,55,15,Greener Pastures,10,2021/07/25
ГОРИЗОНТ,84,51,Terranova,10,2021/07/25
Weyland Corp,95,40,Speakeasy,10,2021/07/24
Unimatrix Zero,530,0,龙门训练营,15,2021/07/24
Black Sun,138,12,COЮЗ,15,2021/07/24
$TAR$,26,46,USSR,10,2021/07/24
Team Elite,60,2,Anke none,5,2021/07/24
EradicatorElite,153,3,Covenant,10,2021/07/22
Anla'Shok,59,27,Alpha Nation,15,2021/07/22
Ender,225,10,GalaxHitchikers,10,2021/07/21
Dark Skai,184,4,Star Jumpers,15,2021/07/21
Elite,32,4,TheSpacingGuild,10,2021/07/20
Spacefleet,37,110,Widow Makers,10,2021/07/20
Yishun CC,104,51,Watchers,15,2021/07/20
Team Elite,36,5,EZCO,5,2021/07/19
Canadian Army,178,24,Crazy Elite,15,2021/07/19
StarControl,106,68,Hades Corpo,10,2021/07/18
Final,36,2,OntarioDynasty,15,2021/07/18
Rocket-by Baby,200,44,Hipernova,15,2021/07/18
Anla'Shok,48,7,Imperium XIII,15,2021/07/18
Terranova,35,32,Topговая Федерация,5,2021/07/17
Kharon Shipping,299,0,Kyлak,10,2021/07/17
Auscorp,143,41,DadCorp,15,2021/07/17
UKR Spase,44,14,CCCP,10,2021/07/17
$TAR$,74,31,Les Chevaliers,15,2021/07/17
Legion,69,38,Hinterm Mond,5,2021/07/17
Weyland Corp,52,0,SNSS,10,2021/07/17
BlackStar Order,39,89,Unimatrix Zero,15,2021/07/17
ГОРИЗОНТ,101,17,Grunthal Gang,15,2021/07/17
Elite,3,102,Yishun CC,10,2021/07/15
Yishun CC,102,3,Elite,10,2021/07/15
EradicatorElite,206,0,The Outfit,10,2021/07/15
H3LL FLAY3RS,29,20,White Solaris,5,2021/07/15
Ender,85,39,The Time Lords,10,2021/07/14
Team Elite,44,4,E.T.A,5,2021/07/14
Spacefleet,22,24,Ark Summit,10,2021/07/13
Dark Skai,141,2,Anla'Shok,15,2021/07/13
Order of Hades,50,12,Crazy Elite,10,2021/07/12
Hinterm Mond,337,14,Españoles,10,2021/07/12
Hades Corpo,49,20,ГОРИЗОНТ,5,2021/07/12
Canadian Army,113,88,Dropbears Inc,15,2021/07/12
Final,264,30,KLM,15,2021/07/12
BlackStar Order,556,0,Auscorp,15,2021/07/11
Order of Hades,261,10,First Squad,15,2021/07/11
ГОРИЗОНТ,185,19,Hydra,10,2021/07/11
StarControl,19,41,Unimatrix Zero,5,2021/07/11
Yishun CC,179,28,Black Sun,15,2021/07/10
Weyland Corp,36,81,Hades Corpo,10,2021/07/10
Bastion,55,32,Alpha Nation,10,2021/07/10
Legion,344,0,Karanth,5,2021/07/10
UKR Spase,20,38,Hamburg AG 2,5,2021/07/10
Kharon Shipping,200,6,DarkMoon,10,2021/07/10
$TAR$,98,4,帝国军事学院,15,2021/07/10
Team Elite,48,17,Polaris,5,2021/07/09
Terranova,11,19,Elite,10,2021/07/09
DadCorp,101,9,Ender,10,2021/07/08
Imperium XIII,90,31,The Black Bulls,10,2021/07/07
Italian Stars,18,13,Imperium XIII,10,2021/07/07
Hinterm Mond,133,4,GermanIndustrie,5,2021/07/06
OntarioDynasty,182,21,Españoles,10,2021/07/05
Canadian Army,180,65,TSI Inc.,15,2021/07/05
Final,67,69,RUS,15,2021/07/05
Elite,99,22,W.O.A,10,2021/07/04
Order of Hades,34,4,Ritter der Nuss,5,2021/07/04
Yishun CC,61,55,Wintercomes,10,2021/07/04
Auscorp,77,29,TPYNRNR,15,2021/07/04
BlackStar Order,396,0,SYNDICATE,15,2021/07/04
UKR Spase,50,55,Steak n' Shake,10,2021/07/04
$TAR$,81,30,GalaxHitchikers,10,2021/07/04
StarControl,82,34,Bastion,10,2021/07/04
DadCorp,171,36,InfamousExiles,15,2021/07/03
$TAR$,110,146,Star Wars,15,2021/07/03
ГОРИЗОНТ,175,43,Salamanders,15,2021/07/03
Black Sun,79,3,Path of Hades,15,2021/07/03
Team Elite,21,20,Kharon Shipping,5,2021/07/02
Ender,113,26,nebulous,10,2021/07/01
Dark Skai,119,99,Internationals,15,2021/06/30
EradicatorElite,170,2,지고 받자,10,2021/06/30
Spacefleet,138,48,Polaris Corp.,10,2021/06/29
Yishun CC,44,8,Elite,10,2021/06/29
Final,166,22,Sith Empire,15,2021/06/29
OntarioDynasty,28,36,Star Fall,5,2021/06/28
Canadian Army,156,61,GDZ,15,2021/06/28
Tacitus,77,15,第一序列,15,2021/06/27
StarControl,92,21,Farland Ind.,5,2021/06/27
H3LL FLAY3RS,41,31,The Claw,10,2021/06/27
Dark Skai,61,32,BattleCo,15,2021/06/27
BlackStar Order,552,0,TITANS,15,2021/06/27
Team Elite,22,13,DUNE,5,2021/06/27
Hinterm Mond,156,24,ГОРИЗОНТ,5,2021/06/27
ГОРИЗОНТ,57,7,EZCO,5,2021/06/26
Terranova,106,24,Unimatrix Zero,10,2021/06/26
Path of Hades,107,77,Rocket-by Baby,15,2021/06/26
Imperium XIII,134,37,The X-Files,10,2021/06/26
Black Sun,127,21,Trade Station,15,2021/06/26
$TAR$,72,21,JerK,10,2021/06/26
Weyland Corp,16,147,DadCorp,10,2021/06/26
Legion,350,1,UAGC,10,2021/06/26
Auscorp,122,57,HORNET,15,2021/06/25
Yishun CC,142,2,JTPS,15,2021/06/24
Sith Empire,170,26,KARI,15,2021/06/22
Final,328,8,GDZ,15,2021/06/22
Spacecrevards,350,51,Tnxnn Omyt,15,2021/06/22
Urban Legends,61,149,VoidCorp,15,2021/06/22
EMP,31,0,龙门训练营,15,2021/06/22
Furyan Corps.,16,167,COЮЗ,10,2021/06/22
Team Elite,35,18,Heyaepxnmble,5,2021/06/22
Tacitus,109,77,No Orbit,10,2021/06/21
UKR Spase,97,0,PocKocMoc,10,2021/06/21
Hinterm Mond,35,5,Austria,5,2021/06/21
Elite Penguins,214,29,Españoles,15,2021/06/21
Terranova,22,65,Ender,10,2021/06/20
StarControl,92,15,OntarioDynasty,10,2021/06/20
Star Jumpers,74,73,Hipernova,15,2021/06/20
Space Balls,10,211,Rocket-by Baby,15,2021/06/20
Imperium XIII,56,31,Polaris,5,2021/06/20
DUNE,62,45,BRhue,10,2021/06/20
BlackStar Order,260,3,VoidCorp,15,2021/06/20
Avabel Online,7,0,BLOK EKIPA,5,2021/06/20
ГОРИЗОНТ,157,42,United Galaxies,15,2021/06/19
Yishun CC,64,60,The Star League,10,2021/06/19
Weyland Corp,81,50,M4-Legends,10,2021/06/19
Unimatrix Zero,53,78,DadCorp,10,2021/06/19
Kharon Shipping,141,34,Star Fall,5,2021/06/19
Guardians,64,34,Space Donuts,10,2021/06/19
Black Sun,76,30,Gummibarenbande,10,2021/06/19
Black Sun,74,36,Elite,15,2021/06/19
$TAR$,83,4,Fomorians Eire,10,2021/06/19
System Shock,63,0,Watchers,5,2021/06/18
Order of Hades,24,249,AMБPEЛЛA,15,2021/06/18
Karanth,160,48,Void Dominion,5,2021/06/18
EradicatorElite,134,4,Ten Forward,10,2021/06/16
Dark Skai,187,1,BR Gear,15,2021/06/16
OntarioDynasty,195,14,Kyлak,10,2021/06/15
Final,177,39,Elite Penguins,15,2021/06/15
Team Elite,47,32,Hun Generals,5,2021/06/15
Tacitus,98,10,Wintercomes,10,2021/06/14
StarControl,70,117,GermanIndustrie,10,2021/06/14
Spacecrevards,129,17,Bastion,10,2021/06/14
Canadian Army,216,7,Winged Phoenix,15,2021/06/14
Pulsar,33,104,Auscorp,10,2021/06/13
Ender,72,49,Hinterm Mond,10,2021/06/13
ГОРИЗОНТ,79,68,EMP,15,2021/06/13
Legion,216,2,Españoles,10,2021/06/13
Kharon Shipping,121,52,Salamanders,10,2021/06/13
HORNET,117,84,InfamousExiles,15,2021/06/13
DUNE,75,39,Enigma,10,2021/06/13
BlackStar Order,215,58,DadCorp,15,2021/06/13
$TAR$,20,72,battlesquadron,15,2021/06/13
HORNET,49,39,Karanth,5,2021/06/13
Yishun CC,57,51,Black Solaris,10,2021/06/12
Terranova,37,83,M4-Legends,10,2021/06/12
Order of Hades,136,38,Serenity,15,2021/06/12
Black Sun,52,6,The Guardians,10,2021/06/12
Black Sun,175,51,Diplomats Union,15,2021/06/12
Unimatrix Zero,27,38,USSR,10,2021/06/11
EradicatorElite,17,5,Simply Uranus,5,2021/06/10
UKR Spase,31,11,Durham Dragons,10,2021/06/09
Order of Hades,107,80,G.M.U.,15,2021/06/09
H3LL FLAY3RS,64,48,ALIANZA 4,10,2021/06/09
Dark Skai,191,0,KARI,15,2021/06/09
Final,262,20,KLM,15,2021/06/08
Canadian Army,204,128,Rocket-by Baby,15,2021/06/08
EradicatorElite,163,0,Furyan Corps.,10,2021/06/07
Final,262,20,KLM,15,2021/06/07
HORNET,161,43,AMG,5,2021/06/07
HORNET,152,45,Watchers,15,2021/06/07
Sith Empire,3,206,StarControl,10,2021/06/07
Urban Legends,168,94,United Galaxies,15,2021/06/07
Ender,75,17,Kyлak,10,2021/06/07
Path of Hades,3,18,Imperium XIII,15,2021/06/07
Auscorp,148,0,SNSS,15,2021/06/06
Kharon Shipping,349,11,Españoles,10,2021/06/06
Path of Hades,3,18,Imperium XIII,15,2021/06/06
Spacecrevards,32,134,Furyan Corps.,15,2021/06/06
Yishun CC,88,1,Squadron,5,2021/06/06
DadCorp,64,54,Kyлak,10,2021/06/06
OntarioDominion,35,30,Karanth,5,2021/06/06
BlackStar Order,95,144,Legion,15,2021/06/05
DUNE,111,16,Trade Station,10,2021/06/05
ГОРИЗОНТ,57,66,Black Sun,15,2021/06/05
Yishun CC,17,40,Elite,5,2021/06/05
Dark Skai,135,93,Wacky Wabbits,15,2021/06/02
EradicatorElite,202,18,Pulsar,10,2021/06/02
EradicatorElite,28,11,Hun Avengers,5,2021/06/02
Ender,56,7,Galactic Force,10,2021/06/02
UKR Spase,109,23,Rabid Butterfly,10,2021/06/02
Kharon Shipping,308,14,W.O.A,10,2021/06/01
Final,11,9,Españoles,10,2021/06/01
Final,186,1,Españoles,10,2021/06/01
BlackStar Order,238,10,Spacecrevards,10,2021/05/31
BlackStar Order,110,6,Space Donuts,10,2021/05/31
DUNE,32,44,Gwiezdna Horda,5,2021/05/31
Final,11,9,Españoles,10,2021/05/31
Final,186,1,Españoles,10,2021/05/31
Hinterm Mond,117,72,Watchers,15,2021/05/31
Legion,274,27,OntarioDynasty,15,2021/05/31
Spacefleet,37,18,Order of Hades,15,2021/05/31
StarControl,50,20,AltCorp Inc,5,2021/05/31
HORNET,29,57,Yishun CC,15,2021/05/30
Karanth,89,13,NERF,5,2021/05/30
Sith Empire,25,99,UAGC,15,2021/05/30
StarControl,32,91,For Ever HWI,5,2021/05/30
ГОРИЗОНТ,107,2,TPYNRNR,5,2021/05/30
Imperium XIII,22,27,DUNE,5,2021/05/29
Tacitus,179,104,The Picard,15,2021/05/29
Wintercomes,38,16,USSR,10,2021/05/29
DadCorp,35,32,ГОРИЗОНТ,10,2021/05/29
H3LL FLAY3RS,30,29,The Fracture,10,2021/05/28
Unimatrix Zero,54,53,Black Solaris,10,2021/05/28
WFOS,88,3,Imperium XIII,15,2021/05/27
Dark Skai,151,12,Abh,15,2021/05/26
EradicatorElite,93,18,Lacuna Ind.,10,2021/05/26
$TAR$,6,31,海賊ギルド,5,2021/05/26
Hades Corpo,130,28,Gulinga,5,2021/05/25
Yishun CC,113,26,InfamousExiles,15,2021/05/25
Final,30,134,Hinterm Mond,15,2021/05/24
The Star League,39,51,OntarioDynasty,5,2021/05/24
Auscorp,127,5,G.M.U.,10,2021/05/23
BlackStar Order,188,64,OntarioDynasty,15,2021/05/23
BR Gear,34,177,Famous Assassins,15,2021/05/23
BRhue,214,49,Sith Empire,15,2021/05/23
DUNE,102,0,Wintercomes,10,2021/05/23
Paиoн No 9,77,46,Hydra,10,2021/05/23
StarControl,57,48,EMP,10,2021/05/23
Tacitus,87,24,Anomaly,15,2021/05/23
Tacitus,87,24,Anomaly,10,2021/05/23
Urban Legends,29,105,Spacecrevards,10,2021/05/23
Watchers,131,27,The Asylum,10,2021/05/23
지고 받자,72,62,Peaky Blinders,10,2021/05/23
Bastion,54,14,OntarioDominion,10,2021/05/22
HORNET,87,82,Bastion,10,2021/05/22
Imperium XIII,74,31,Ritter der Nuss,10,2021/05/22
Legion,168,0,Watchers,10,2021/05/22
Unimatrix Zero,1,26,LOST PIRATES,5,2021/05/22
Weyland Corp,13,35,Polaris,5,2021/05/22
ГОРИЗОНТ,33,20,Black Sun,15,2021/05/22
NERF,17,17,ГОРИЗОНТ,5,2021/05/22
Kharon Shipping,306,59,Black Solaris,10,2021/05/20
Yishun CC,75,49,Ender,15,2021/05/20
Dark Skai,174,13,Space Balls,15,2021/05/19
EradicatorElite,139,1,Aggronauten,10,2021/05/19
$TAR$,15,105,Turk Yildizlari,5,2021/05/18
DUNE,22,4,Romania,5,2021/05/17
BlackStar Order,501,0,Españoles 2,15,2021/05/17
Space Donuts,17,36,Kyлak,10,2021/05/17
Hades Corpo,225,43,OntarioDynasty,10,2021/05/17
DUNE,70,21,Unimatrix Zero,10,2021/05/16
StarControl,126,39,Watchers,10,2021/05/16
Kyлak,7,157,EMP,10,2021/05/16
Kyлak,36,17,Space Donuts,10,2021/05/16
Urban Legends,85,42,Austria,15,2021/05/16
The Force,5,124,Nearland Ind,15,2021/05/16
COЮЗ,64,98,Crazy Elite,15,2021/05/16
Sith Empire,186,4,Españoles,15,2021/05/16
Avabel Online,24,40,Anarchy,5,2021/05/16
Tormenta,192,104,Rocket-by Baby,15,2021/05/16
Hydra,60,5,COЮЗ,10,2021/05/16
Final,241,23,Terranova,15,2021/05/16
System Shock,75,5,Karanth,5,2021/05/16
Star Fall,32,113,Kharon Shipping,5,2021/05/16
Tacitus,157,3,Любители Пива,15,2021/05/15
Unimatrix Zero,21,70,DUNE,10,2021/05/15
Unimatrix Zero,73,14,DadCorp,10,2021/05/15
Wintercomes,78,66,DarkMoon,15,2021/05/15
Yishun CC,54,30,Salamanders,15,2021/05/15
Yishun CC,34,23,11th Engineers,5,2021/05/15
NOVA,64,10,Ritter der Nuss,10,2021/05/14
Topговая Федерация,54,28,Dragon Eclipse,10,2021/05/14
Greener Pastures,60,27,Trade Station,10,2021/05/14
Black Sun,190,13,Serenity,15,2021/05/14
Black Sun,100,24,GermanSpaceUno.,10,2021/05/14
Ender,123,9,VoidCorp,15,2021/05/14
Bastion,23,28,Karanth,5,2021/05/14
H3LL FLAY3RS,99,14,Legion Imperial,10,2021/05/12
Dark Skai,165,108,Blood Brigade,15,2021/05/12
EradicatorElite,101,2,Hermes,10,2021/05/12
$TAR$,104,2,Topговая Федерация,10,2021/05/11
Auscorp,77,1,Bastion,10,2021/05/10
Sith Empire,174,13,Path of Hades,15,2021/05/10
Hades Corpo,149,25,Steak n' Shake,5,2021/05/10
Hinterm Mond,55,9,Furyan Corps.,10,2021/05/10
Yishun CC,110,39,Trade Station,15,2021/05/10
StarControl,122,51,Bastion,10,2021/05/10
Avabel Online,25,24,Brazilcorp.,5,2021/05/10
Order of Hades,38,64,BR Gear,15,2021/05/09
System Shock,26,11,Unimatrix Zero,5,2021/05/09
DUNE,25,31,Kobol,5,2021/05/09
Final,90,44,Watchers,15,2021/05/09
Rocket-by Baby,29,90,VALLKIRIA,10,2021/05/09
DUNE,93,27,NERF,10,2021/05/09
Widow Makers,102,41,pirates spatial,10,2021/05/09
Kharon Shipping,141,15,Spacecrevards,10,2021/05/09
BRhue,242,6,Pulsar,10,2021/05/09
Bastion,51,122,StarControl,10,2021/05/09
Legion,431,2,Space Donuts,10,2021/05/08
Black Sun,56,30,COЮЗ,10,2021/05/08
Starsailors,47,87,Space Oddity,15,2021/05/08
Hydra,32,118,The Force,15,2021/05/08
Salamanders,146,40,Terranova,15,2021/05/08
OntarioDominion,35,184,KLM,15,2021/05/08
OntarioDynasty,77,100,DadCorp,15,2021/05/08
Imperium XIII,29,24,Wintercomes,10,2021/05/08
Ender,64,53,ГОРИЗОНТ,15,2021/05/08
Tacitus,100,65,CommCody & LPA,10,2021/05/08
HORNET,173,1,First Squad,10,2021/05/07
Free Thinkers 2,28,77,YETI Collective,15,2021/05/07
KARI,6,102,TPYNRNR,15,2021/05/07
G.M.U.,34,79,Black Sun,15,2021/05/07
BlackStar Order,509,0,Space Balls,15,2021/05/07
EradicatorElite,110,22,Winged Phoenix,10,2021/05/06
Yishun CC,334,0,Big Hammer,15,2021/05/05
H3LL FLAY3RS,8,3,RedFoxCorp,5,2021/05/05
Order of Hades,95,32,Urban Legends,15,2021/05/03
StarControl,117,1,Argentina 1.0,5,2021/05/03
DadCorp,131,39,Ender,15,2021/05/02
Legion,368,6,Pulsar,10,2021/05/02
Hinterm Mond,109,86,Spacecrevards,10,2021/05/02
Space Oddity,0,29,Omega Alpha,10,2021/05/02
DUNE,161,2,Hydra,10,2021/05/02
KARI,80,68,Space Donuts,15,2021/05/02
Auscorp,97,27,Rocket-by Baby,15,2021/05/02
Terranova,160,50,Bastion,15,2021/05/02
OntarioDynasty,94,43,Final,15,2021/05/02
Star-Jump CORPS,32,23,pirates spatial,5,2021/05/02
DUNE,27,14,PocKocMoc,5,2021/05/02
Team Elite,60,12,Stalkers' Zone,5,2021/05/02
Wintercomes,8,61,USSR,10,2021/05/02
Nebula,2,141,Corvus Ind.,15,2021/05/02
Watchers,171,11,Españoles,15,2021/05/02
Serenity,57,92,Enigma,15,2021/05/02
M4-Legends,157,21,Swiss Chillers,15,2021/05/02
Tormenta,195,26,Sith Empire,15,2021/05/02
Unimatrix Zero,66,37,Star Fall,5,2021/05/01
Bastion,3,23,Abanoh,5,2021/05/01
Kharon Shipping,125,11,Soylent Corp.,10,2021/05/01
Imperium XIII,45,1,M3K,5,2021/05/01
HORNET,110,26,Farland Ind.,10,2021/05/01
HORNET,141,14,Unimatrix Zero,10,2021/05/01
Yishun CC,131,3,The Black Bulls,15,2021/04/30
Yishun CC,27,40,Polaris,5,2021/04/30
$TAR$,11,1,Stargate Corp,5,2021/04/30
BlackStar Order,604,0,Legion Estelar,15,2021/04/30
Black Sun,84,14,GermanSpaceUno.,10,2021/04/30
Black Sun,104,81,TPYNRNR,15,2021/04/30
Karanth,59,46,POCCNR,10,2021/04/30
Karanth,40,51,Watchers,5,2021/04/30
Dark Skai,26,65,Prosperity,15,2021/04/28
Rise Up,66,1,Green Alliance,5,2021/04/28
Sith Empire,5,52,TheSpacingGuild,10,2021/04/27
StarControl,115,3,BattleCo,10,2021/04/27
Auscorp,105,102,Final,10,2021/04/26
NERF,113,0,White Solaris,10,2021/04/26
Tacitus,74,24,Abh,10,2021/04/26
OntarioDynasty,138,31,Kyлak,15,2021/04/25
ГОРИЗОНТ,121,47,The Time Lords,10,2021/04/25
Legion,68,53,DadCorp,10,2021/04/25
Order of Hades,58,6,SNSS,15,2021/04/25
Unimatrix Zero,19,6,Hades Corpo,5,2021/04/24
Unimatrix Zero,24,18,Gummibarenbande,5,2021/04/24
BlackStar Order,336,24,Ender,15,2021/04/24
TPYNRNR,154,61,Bastion,15,2021/04/24
HORNET,191,56,Wintercomes,10,2021/04/24
ГОРИЗОНТ,121,47,The Time Lords,10,2021/04/24
DUNE,39,15,T E H b,5,2021/04/24
Space Oddity,71,40,Flight and War,10,2021/04/24
Terranova,18,83,DUNE,10,2021/04/24
Watchers,52,28,ГОРИЗОНТ,5,2021/04/24
Karanth,194,42,Gulinga,5,2021/04/23
Imperium XIII,33,16,Ritter der Nuss,5,2021/04/23
Black Sun,1,46,NOVA,10,2021/04/23
Black Sun,17,78,Yishun CC,15,2021/04/23
Kharon Shipping,222,38,Black Solaris,10,2021/04/23
H3LL FLAY3RS,140,8,Nebula,15,2021/04/22
TGY Inc.,11,86,KARI,15,2021/04/20
Furyan Corps.,65,15,Grunthal Gang,15,2021/04/20
$TAR$,29,212,Internationals,15,2021/04/20
Dark Skai,113,9,Polaris Corp.,15,2021/04/20
Order of Hades,43,22,United Galaxies,15,2021/04/19
OntarioDynasty,100,32,Ender,15,2021/04/19
HORNET,50,32,The Time Lords,5,2021/04/19
HORNET,48,71,Hinterm Mond,5,2021/04/19
Spacecrevards,156,9,Crazy Elite,10,2021/04/19
Yishun CC,334,0,龙冂训练营,15,2021/04/18
BKC,25,8,Soul System,5,2021/04/18
Españoles,10,84,InfamousExiles,15,2021/04/18
Final,75,49,Watchers,15,2021/04/18
DUNE,116,13,The Asylum,10,2021/04/18
DUNE,51,17,Battlestar FR,10,2021/04/18
StarControl,63,40,System Shock,5,2021/04/18
Black Sun,115,6,Terranova,15,2021/04/18
BlackStar Order,177,57,DadCorp,15,2021/04/18
Auscorp,59,5,ГОРИЗОНТ,10,2021/04/18
Tacitus,207,42,지고 받자,15,2021/04/18
Imperium XIII,91,24,COЮЗ,10,2021/04/17
Polish Pirates,10,50,Avengers,15,2021/04/17
Wintercomes,27,130,Austria,15,2021/04/17
Black Sun,6,17,STAR TERROR CZ,10,2021/04/17
Space Oddity,94,22,Foreshadowing,15,2021/04/17
Yishun CC,15,27,Team Elite,5,2021/04/13
Yishun CC,135,14,SNSS,15,2021/04/13
Dark Skai,122,27,星䂓地㺷,15,2021/04/13
OntarioDynasty,145,49,W.O.A,15,2021/04/12
Ender,65,49,Watchers,15,2021/04/12
StarControl,36,65,Hinterm Mond,5,2021/04/12
Auscorp,105,4,NuevaFederacion,10,2021/04/11
USSR,20,9,Black Sun,10,2021/04/11
$TAR$,119,75,No Orbit,15,2021/04/11
The Time Lords,0,64,Unimatrix Zero,10,2021/04/11
Unimatrix Zero,17,172,G.M.U.,10,2021/04/10
Kharon Shipping,167,4,POCCNR,10,2021/04/10
HORNET,64,50,DarkMoon,15,2021/04/10
$TAR$,119,75,No Orbit,15,2021/04/10
DUNE,17,12,Nooooobs,5,2021/04/10
DUNE,123,5,Hydra,10,2021/04/10
BKC,63,60,Abanoh,5,2021/04/09
Wintercomes,60,98,DadCorp,15,2021/04/09
Black Sun,108,5,Topговая Федерация,15,2021/04/09
Imperium XIII,18,30,NoweUkladyll,5,2021/04/08
Yishun CC,21,53,EradicatorElite,5,2021/04/07
Yishun CC,155,10,United Galaxies,15,2021/04/07
Ender,53,31,KLM,15,2021/04/06
DUNE,67,22,Spacecrevards,10,2021/04/06
OntarioDynasty,400,0,龙门训练营,15,2021/04/06
Dark Skai,7,152,Ark Summit,15,2021/04/06
UFP,22,30,Rise Up,10,2021/04/06
Final,54,145,Bastion,15,2021/04/05
System Shock,28,62,Karanth,5,2021/04/05
Avabel Online,5,19,Regulus,10,2021/04/05
Hinterm Mond,89,64,The Time Lords,10,2021/04/05
StarControl,43,27,The Time Lords,5,2021/04/05
Hades Corpo,200,0,Españoles,10,2021/04/04
Sith Empire,69,14,Serenity,15,2021/04/04
ГОРИЗОНТ,6,30,LOST PIRATES,10,2021/04/04
BlackStar Order,363,35,HORNET,15,2021/04/04
Order of Hades,82,38,Sternenflotte,15,2021/04/03
Auscorp,39,79,DadCorp,15,2021/04/03
Imperium XIII,66,21,The X-Files,5,2021/04/03
Wintercomes,123,17,Created,15,2021/04/03
Black Sun,54,12,United Galaxies,15,2021/04/03
Black Sun,68,239,Kharon Shipping,10,2021/04/03
Space Oddity,81,49,Starsailors,15,2021/04/03
NERF,53,2,OntarioDominion,5,2021/04/02
Yishun CC,143,2,Topговая Федерация,15,2021/04/02
Yishun CC,19,4,Lacuna Ind.,5,2021/04/02
Unimatrix Zero,113,30,The Star League,10,2021/04/02
Rise Up,28,6,Acгapд,5,2021/04/01
H3LL FLAY3RS,89,15,NERF TOY'S,5,2021/04/01
Ender,35,135,InfamousExiles,15,2021/03/31
Dark Skai,85,60,The First Order,15,2021/03/30
$TAR$,57,40,Covenant,10,2021/03/29
Avabel Online,76,1,Core Infliction,10,2021/03/29
Españoles,35,149,Polaris,15,2021/03/29
Final,40,74,DadCorp,15,2021/03/29
Hades Corpo,39,41,StarControl,5,2021/03/29
OntarioDynasty,137,37,Furyan Corps.,15,2021/03/29
W.O.A,101,40,TPYNRNR,15,2021/03/29
Watchers,1,0,KARI,15,2021/03/29
BKC,60,2,FAIR,10,2021/03/29
BRhue,353,7,Order of Hades,15,2021/03/28
Sith Empire,132,70,Canadian Army,15,2021/03/28
NERF,5,17,Yishun CC,5,2021/03/27
Bastion,20,10,AlSounT,5,2021/03/27
BlackStar Order,159,150,Hinterm Mond,15,2021/03/27
DUNE,107,23,M4-Legends,10,2021/03/27
DUNE,30,1,Балтийский флот,5,2021/03/27
Terranova,27,58,Yishun CC,15,2021/03/27
Space Oddity,117,58,Red Coat Mafia,15,2021/03/27
Ritter der Nuss,9,3,Imperium XIII,5,2021/03/26
COЮЗ,0,80,NOVA,10,2021/03/26
Ender,206,17,G.M.U.,15,2021/03/26
Kharon Shipping,143,80,Unimatrix Zero,10,2021/03/26
Legion,475,2,Spacecrevards,15,2021/03/26
Wintercomes,32,167,HORNET,15,2021/03/26
Karanth,133,0,Avantgarde,5,2021/03/25
Dark Skai,108,67,Alpha Nation,15,2021/03/24
Farland Ind.,165,10,JTPS,10,2021/03/24
Final,108,3,UAGC,15,2021/03/24
Path of Hades,11,60,WFOS,15,2021/03/24
Wacky Wabbits,84,141,Galaxia,15,2021/03/24
Elite,28,0,HORNET,5,2021/03/23
BKC,99,7,지고 받자,5,2021/03/23
StarControl,38,27,Hinterm Mond,5,2021/03/22
BlackStar Order,207,35,OntarioDynasty,15,2021/03/22
Imperial Armada,25,79,Ancient Library,15,2021/03/22
Kharon Shipping,419,11,OntarioDominion,10,2021/03/22
DadCorp,97,6,G.M.U.,15,2021/03/22
Pulsar,12,1,W.O.A,5,2021/03/22
$TAR$,93,0,Free Thinkers 2,10,2021/03/21
HORNET,166,22,SNSS,15,2021/03/21
Order of Hades,67,26,Ahamkara,15,2021/03/21
Spacecrevards,241,76,Tormenta,15,2021/03/21
Terranova,104,26,Kyлak,15,2021/03/21
Auscorp,58,44,Watchers,10,2021/03/20
DUNE,103,6,Kyлak,10,2021/03/20
DUNE,64,5,Collective,5,2021/03/20
Hades Corpo,78,20,System Shock,5,2021/03/20
Legion,218,1,InfamousExiles,10,2021/03/20
Unimatrix Zero,75,52,POCCNR,10,2021/03/20
ГОРИЗОНТ,146,55,Wintercomes,15,2021/03/20
Ender,151,32,VoidCorp,15,2021/03/19
Imperium XIII,39,0,ГОРИЗОНТ,5,2021/03/19
Polaris,163,98,Stargate Corp,15,2021/03/18
Dark Skai,29,15,KLM,15,2021/03/17
DUNE,1,6,Sternenwanderer,5,2021/03/17
Imperial Armada,25,89,Embers Rising,15,2021/03/17
H3LL FLAY3RS,68,5,Sektion 31,10,2021/03/17
Avabel Online,121,1,HИФИГACEБ,15,2021/03/16
DadCorp,9,27,Watchers,5,2021/03/16
DUNE,111,10,Anla'Shok,10,2021/03/16
Rise Up,34,7,Quilliance,5,2021/03/16
Final,205,17,OntarioDynasty,10,2021/03/15
BlackStar Order,582,0,龙冂训练营,15,2021/03/15
DadCorp,72,13,The Time Lords,10,2021/03/15
Sith Empire,128,78,The First Order,15,2021/03/15
OntarioDominion,37,28,Order of Hades,10,2021/03/14
Order of Hades,112,12,W.O.A,15,2021/03/14
Terranova,34,46,StarControl,5,2021/03/14
Spacecrevards,137,49,The Star League,10,2021/03/13
$TAR$,82,21,CnGR,10,2021/03/13
Imperium XIII,64,51,Гaлaктикa Элa,10,2021/03/13
JTPS,33,21,Black Solaris,10,2021/03/12
InfamousExiles,88,4,Bastion,15,2021/03/12
HORNET,185,40,Serenity,15,2021/03/12
BRhue,221,10,Hydra,15,2021/03/12
UAGC,15,1,Russian Team,5,2021/03/12
Karanth,29,30,NERF,5,2021/03/12
Kharon Shipping,204,31,nebulous,10,2021/03/12
Wintercomes,149,18,Kyлak,15,2021/03/12
Legion,176,50,System Shock,10,2021/03/12
Unimatrix Zero,18,46,Hades Corpo,5,2021/03/12
VoidCorp,72,72,TPYNRNR,15,2021/03/11
WFOS,38,127,Stargate Corp,15,2021/03/11
Karanth,154,15,Farland Ind.,5,2021/03/11
Dark Skai,100,22,Delta Nation,15,2021/03/10
DUNE,14,7,Dansk,5,2021/03/10
Final,76,102,Yishun CC,15,2021/03/10
H3LL FLAY3RS,68,4,OPA,5,2021/03/10
The Time Lords,9,5,Rise Up,5,2021/03/09
Ender,171,28,The Black Bulls,15,2021/03/08
Imperial Armada,128,1,Das Imperium,15,2021/03/08
StarControl,44,19,The Herd,5,2021/03/08
BlackStar Order,88,71,Watchers,15,2021/03/07
Sith Empire,128,51,W.O.A,15,2021/03/07
Hinterm Mond,140,23,The Time Lords,10,2021/03/07
Order of Hades,165,26,Hipernova,15,2021/03/07
Greener Pastures,10,56,Russian Team,5,2021/03/06
InfamousExiles,10,9,Hades Corpo,5,2021/03/06
InfamousExiles,54,25,POCCNR,10,2021/03/06
Unimatrix Zero,307,9,Hydra,15,2021/03/06
System Shock,119,31,DUNE,10,2021/03/06
Auscorp,131,2,UAGC,15,2021/03/06
Terranova,275,57,Space Penguins,15,2021/03/06
$TAR$,70,50,The Goonies,10,2021/03/06
Imperium XIII,80,16,The X-Files,5,2021/03/06
Wintercomes,138,63,Unimatrix Zero,15,2021/03/06
Spacecrevards,1,80,DadCorp,15,2021/03/05
SNSS,11,190,HORNET,15,2021/03/05
BRhue,214,51,Austria,15,2021/03/05
Kharon Shipping,161,32,Karanth,10,2021/03/05
DUNE,28,6,Titan Basecamp,5,2021/03/05
DUNE,34,3,Trade Systems,5,2021/03/05
Greener Pastures,48,59,Urban Legends,5,2021/03/04
KARI,104,81,WFOS,15,2021/03/04
Society of Sin,110,83,Wacky Wabbits,15,2021/03/04
Kyлak,200,72,VoidCorp,15,2021/03/04
Imperial Armada,18,7,Saltarrocas,10,2021/03/03
Final,121,88,Ender,15,2021/03/03
Dark Skai,7,207,MAPCIOKN,15,2021/03/03
Rise Up,121,4,Das Imperium,15,2021/03/03
H3LL FLAY3RS,52,0,space rats,5,2021/03/03
Salamanders,35,111,OntarioDynasty,15,2021/03/02
BlackStar Order,503,0,星舰地球,15,2021/03/02
W.O.A,28,20,GDZ,15,2021/03/01
OntarioDynasty,70,19,ГОРИЗОНТ,5,2021/03/01
Terranova,125,153,Urban Legends,15,2021/02/28
InfamousExiles,23,45,Yishun CC,15,2021/02/28
InfamousExiles,28,12,Yishun CC,5,2021/02/28
Final,253,12,Society of Sin,15,2021/02/28
Trade Station,83,29,Soylent Corp.,10,2021/02/28
StarControl,38,80,For Ever HWI,5,2021/02/28
Kharon Shipping,334,15,POCCNR,10,2021/02/27
Wintercomes,142,47,Hydra,15,2021/02/27
Auscorp,138,23,Octoberpierynm,15,2021/02/27
Hinterm Mond,235,1,DadCorp,15,2021/02/27
Order of Hades,190,18,Rocket-by Baby,15,2021/02/27
Legion,132,34,Hades Corpo,10,2021/02/27
$TAR$,31,28,Sky Walkers,10,2021/02/27
Imperium XIII,30,17,Elite,5,2021/02/27
The Asylum,34,55,Unimatrix Zero,10,2021/02/27
System Shock,47,77,RUS,15,2021/02/26
NERF,25,18,Grummibarenbande,5,2021/02/26
Unimatrix Zero,112,97,Spacecrevards,15,2021/02/26
Ender,189,62,VoidCorp,15,2021/02/25
DadCorp,37,38,The Time Lords,5,2021/02/24
DadCorp,50,30,Watchers,10,2021/02/24
Dark Skai,19,7,G.M.U.,15,2021/02/24
Rise Up,52,1,Domus,5,2021/02/24
BlackStar Order,516,2,Orion,15,2021/02/23
HORNET,121,193,Furyan Corps.,15,2021/02/22
W.O.A,104,126,Wacky Wabbits,15,2021/02/22
InfamousExiles,97,82,OntarioDynasty,15,2021/02/21
Auscorp,111,10,Españoles,10,2021/02/21
Order of Hades,186,45,Octoberpierynm,15,2021/02/21
Ender,173,100,Terranova,15,2021/02/21
NERF,15,108,Sternenflotte,5,2021/02/20
Wintercomes,20,133,Kyлak,15,2021/02/20
Final,183,35,Space Penguins,15,2021/02/20
Unimatrix Zero,272,23,Titan Corp.,10,2021/02/20
Legion,313,3,Trade Station,15,2021/02/20
DUNE,11,3,Les Francaises,5,2021/02/20
DUNE,59,13,POCCNR,10,2021/02/20
Spacecrevards,142,78,ГОРИЗОНТ,15,2021/02/20
$TAR$,32,13,Fomorians Eire,10,2021/02/20
Kharon Shipping,205,32,Unimatrix Zero,10,2021/02/20
BlackStar Order,443,2,Red Coat Mafia,15,2021/02/17
Dark Skai,115,9,海賊ギルド,15,2021/02/17
Greener Pastures,7,78,DUNE,5,2021/02/16
InfamousExiles,99,17,GermanIndustrie,?,2021/02/16
DUNE,88,19,Star-Jump CORPS,10,2021/02/16
Watchers,248,17,KARI,15,2021/02/16
ГОРИЗОНТ,13,58,NOVA,10,2021/02/16
Imperial Armada,92,9,Death Flight,15,2021/02/16
HORNET,59,12,Path of Hades,10,2021/02/16
OntarioDynasty,124,26,Españoles,5,2021/02/15
Españoles,27,84,Watchers,10,2021/02/15
Furyan,130,115,W.O.A,15,2021/02/15
Hinterm Mond,184,25,TiesaFoundation,10,2021/02/15
Terranova,46,168,DadCorp,15,2021/02/15
Karanth,143,25,OntarioDynasty,10,2021/02/14
Sith Empire,30,71,Kyлak,15,2021/02/14
Trade Station,18,42,Topговая Федерация,10,2021/02/14
W.O.A,115,130,Furyan Corps.,15,2021/02/14
Kharon Shipping,210,3,DarkMoon,10,2021/02/13
Legion,562,1,Because Why Not,15,2021/02/13
Unimatrix Zero,56,46,NERF,10,2021/02/13
Wintercomes,248,22,COЮЗ,15,2021/02/13
Greener Pastures,8,85,Bastion,5,2021/02/13
$TAR$,85,45,Space bastards,10,2021/02/13
Imperium XIII,29,28,DISS LIGA,5,2021/02/13
Ender,58,25,Spacecrevards,15,2021/02/12
Final,314,0,龙门星团,15,2021/02/12
DUNE,154,7,JTPS,10,2021/02/11
Ender,161,29,UAGC,15,2021/02/11
BlackStar Order,472,0,USSC,15,2021/02/10
Imperial Armada,26,122,Embers Rising,15,2021/02/10
Dark Skai,71,19,Urban Legends,15,2021/02/10
Wintercomes,150,135,HORNET,15,2021/02/09
Hinterm Mond,393,7,Kyлak,15,2021/02/08
Karanth,61,31,EMP,5,2021/02/08
Terranova,169,178,BRhue,15,2021/02/08
Watchers,122,14,Kyлak,15,2021/02/08
Trade Station,42,165,Order of Hades,15,2021/02/08
W.O.A,7,31,Delta Strike,10,2021/02/08
DadCorp,42,22,ГОРИЗОНТ,5,2021/02/08
Kharon Shipping,212,8,Gulinga,10,2021/02/07
Legion,80,14,The Time Lords,5,2021/02/07
OntarioDynasty,66,29,POCCNR,10,2021/02/07
Unimatrix Zero,122,157,DadCorp,15,2021/02/07
$TAR$,60,32,LossFarm No. 648,10,2021/02/07
NERF,134,65,Hades Corpo,10,2021/02/06
Final,183,24,E.T.A,15,2021/02/06
Imperium XIII,86,9,Titan Corp.,10,2021/02/06
Rise Up,26,2,Tёmный Bиxpь,5,2021/02/06
Spacecrevards,278,12,Argentina 1.0,15,2021/02/05
System Shock,297,11,VoidCorp,15,2021/02/05
BlackStar Order,463,1,Toxic,15,2021/02/04
DUNE,7,14,42-Omatic Corp,5,2021/02/04
DUNE,126,46,BRhue,10,2021/02/04
Dark Skai,160,6,Avengers,15,2021/02/03
Yishun CC,12,6,ГОРИЗОНТ,5,2021/02/03
Sith Empire,160,60,Españoles,15,2021/02/02
Wintercomes,170,107,Argentina 1.0,15,2021/02/02
Hinterm Mond,66,47,The Time Lords,5,2021/02/01
Karanth,94,27,DadCorp,5,2021/02/01
Trade Station,104,66,Canadian Army,15,2021/02/01
Rise Up,43,0,Paиoн No 9,5,2021/02/01
Ender,94,80,ГОРИЗОНТ,15,2021/01/31
OntarioDynasty,66,126,Unimatrix Zero,10,2021/01/31
W.O.A,8,157,Order of Hades,15,2021/01/31
Spacecrevards,177,92,Final,,2021/01/30
Kharon Shipping,160,32,Team Elite,10,2021/01/30
System Shock,173,2,Dropbears Inc,5,2021/01/30
$TAR$,29,109,Red Coat Mafia,15,2021/01/30
NERF,56,49,For Ever HWI,5,2021/01/29
BlackStar Order,462,0,casual,15,2021/01/28
DUNE,39,16,Bastion,10,2021/01/28
Hades Corpo,144,18,Lost Legion,5,2021/01/28
Hades Corpo,52,17,EZCO,5,2021/01/28
Ender,246,173,SNSS,,2021/01/26
Hades Corpo,81,76,Unimatrix Zero,,2021/01/26
Wintercomes,147,99,TPYNRNR,15,2021/01/26
Dark Skai,152,28,First Squad,15,2021/01/26
InfamousExiles,134,41,ГОРИЗОНТ,10,2021/01/26
Hinterm Mond,242,281,Furyan,,2021/01/25
Spacecrevards,137,177,Kyлak,,2021/01/25
Trade Station,28,215,Karanth,15,2021/01/25
Order of Hades,167,65,Sith Empire,15,2021/01/24
Kharon Shipping,280,41,DadCorp,,2021/01/24
DadCorp,127,44,Final,,2021/01/24
Unimatrix Zero,140,31,TiesaFoundation,,2021/01/24
Spacecrevards,233,205,Tormenta,,2021/01/24
InfamousExiles,134,41,ГОРИЗОНТ,,2021/01/24
Auscorp,122,49,Gulinga,10,2021/01/24
Imperium XIII,29,17,EZCO,5,2021/01/24
W.O.A,38,28,United Galaxies,15,2021/01/24
Wintercomes,147,99,TPYNRNR,,2021/01/23
BlackStar Order,441,3,Farland Ind.,,2021/01/22
OntarioDynasty,39,150,InfamousExiles,,2021/01/20
Ender,186,128,VoidCorp,,2021/01/20
Spacecrevards,286,250,GermanIndustrie,,2021/01/19
Dark Skai,57,118,Space Penguins,15,2021/01/19
Team Elite,102,12,Greener Pastures,,2021/01/18
Kharon Shipping,238,50,TiesaFoundation,,2021/01/18
DUNE,23,21,kumzumir,5,2021/01/18
DUNE,129,43,The Star League,10,2021/01/18
Final,140,82,BRhue,10,2021/01/18
Trade Station,23,122,Terranova,15,2021/01/18
System Shock,394,17,Españoles,,2021/01/17
DadCorp,181,35,Furyan,,2021/01/17
Unimatrix Zero,460,28,Vendetta Squad,,2021/01/17
DadCorp,44,60,ГОРИЗОНТ,,2021/01/17
BlackStar Order,386,19,TPYNRNR,,2021/01/16
Auscorp,117,36,Wintercomes,,2021/01/16
Hades Corpo,80,18,EMP,5,2021/01/16
Imperium XIII,37,27,LOST PIRATES,5,2021/01/16
Ender,101,133,Yishun CC,,2021/01/14
Trade Station,73,164,Watchers,15,2021/01/12
Rise Up,25,7,Old Men Gaming,5,2021/01/12
Hinterm Mond,303,66,龙门训练营,15,2021/01/11
Imperium XIII,18,0,KARI,5,2021/01/11
Hinterm Mond,138,26,Final,,2021/01/10
InfamousExiles,63,44,Furyan,,2021/01/10
Kharon Shipping,58,73,InfamousExiles,,2021/01/10
OntarioDynasty,63,72,Sith Empire,,2021/01/10
EMP,173,78,Unimatrix Zero,,2021/01/09
Ender,112,75,Farland Ind.,,2021/01/08
Legion,48,30,Karanth,,2021/01/08
BlackStar Order,294,41,Wintercomes,,2021/01/08
Hades Corpo,117,42,Kyлak,,2021/01/07
Final,116,31,Sith Empire,10,2021/01/05
Kharon Shipping,138,43,EradicatorElite,,2021/01/04
Hinterm Mond,263,40,ГОРИЗОНТ,,2021/01/04
Wintercomes,148,52,Delta Strike,,2021/01/03
Ender,63,103,DadCorp,,2021/01/02
System Shock,158,180,Legion,,2021/01/02
BlackStar Order,210,47,OntarioDynasty,,2021/01/02
Ontario,51,180,Unimatrix Zero,,2021/01/02
Unimatrix Zero,103,32,Yishun CC,,2021/01/02
Españoles,24,23,Sith Empire,,2021/01/01
Españoles,20,28,Hinterm Mond,,2021/01/01
Españoles,33,22,Rogue Hero's,,2021/01/01
Sith Empire,196,40,Space Penguins,,2021/01/01
Españoles,5,38,The Time Lords,,2021/01/01
DadCorp,20,48,Weyland Corp,,2021/01/01
ГОРИЗОНТ,48,34,Wintercomes,,2021/01/01
Sith Empire,216,242,ГОРИЗОНТ,,2021/01/01
Sith Empire,41,51,ГОРИЗОНТ,,2021/01/01
Final,66,25,Furyan Corps.,15,2020/12/31
Hades Corpo,96,39,Bastion,,2020/12/30
Kharon Shipping,152,18,TheSpacingGuild,,2020/12/29
Hinterm Mond,230,13,GermanIndustrie,,2020/12/28
Wintercomes,146,23,Order of Hades,,2020/12/27
Legion,157,38,Salamanders,,2020/12/26
Unimatrix Zero,92,28,TiesaFoundation,,2020/12/26
BlackStar Order,248,9,DadCorp,,2020/12/25
Weyland Corp,99,32,Polish Pirates,,2020/12/25
Ender,68,97,Final,,2020/12/23
Wintercomes,102,23,Sternenflotte,,2020/12/22
Rise Up,26,23,Cool Casual,5,2020/12/22
BlackStar Order,213,34,Hinterm Mond,,2020/12/20
DadCorp,140,5,UAGC,,2020/12/20
Ender,52,14,Furyan,,2020/12/17
Hinterm Mond,99,76,The Time Lords,,2020/12/13
Unimatrix Zero,115,3,KARI,,2020/12/12
Wintercomes,61,27,POCCNR,,2020/12/12
Kharon Shipping,87,9,Topговая Федерация,,2020/12/12
DadCorp,127,4,TPYNRNR,,2020/12/12
System Shock,172,52,Weyland Corp,,2020/12/12
Unimatrix Zero,259,3,我有大氣球,,2020/12/11
Ender,102,27,Polaris,,2020/12/10
BlackStar Order,199,12,Watchers,,2020/12/08
Hinterm Mond,212,7,Farland Ind.,,2020/12/07
Spacecrevards,99,29,InfamousExiles,,2020/12/07
Wintercomes,67,13,Salamanders,,2020/12/06
Kharon Shipping,59,66,The Time Lords,,2020/12/06
Hades Corpo,81,76,Unimatrix Zero,,2020/12/05
Ender,75,29,Sith Empire,,2020/12/05
Unimatrix Zero,45,26,Hades Corpo,,2020/12/04
OntarioDynasty,21,117,Legion,,2020/12/04
BlackStar Order,190,3,Furyan,,2020/12/03
Hinterm Mond,102,27,Final,,2020/11/30
Wintercomes,74,49,Bastion,,2020/11/29
DUNE,53,39,NERF,,2020/11/29
Kharon Shipping,122,2,The Star League,,2020/11/29
System Shock,224,10,Wacky Wabbits,,2020/11/28
BlackStar Order,147,2,Spacecrevards,,2020/11/27
Legion,47,42,The Time Lords,,2020/11/27
Unimatrix Zero,48,20,Polaris,,2020/11/26
Ender,32,3,Phoenix Rising,,2020/11/25
Legion,73,31,DadCorp,,2020/11/22
Auscorp,77,6,Karanth,,2020/11/22
Kharon Shipping,150,10,KARI,,2020/11/22
Hinterm Mond,125,60,Sternenflotte,,2020/11/22
System Shock,186,2,Final,,2020/11/21
Spacecrevards,69,40,Phoenix Rising,,2020/11/20